번호,기준연월,기준일_범위,이용자구분,단체구분,이용자수
1,Jan-14,13일-19일,어린이,개인,86
2,Jan-14,13일-19일,어린이,단체,27
3,Jan-14,13일-19일,청소년,개인,13
4,Jan-14,13일-19일,청소년,단체,32
5,Jan-14,13일-19일,대학생,개인,5
6,Jan-14,13일-19일,성인,개인,99
7,Jan-14,13일-19일,성인,단체,19
8,Jan-14,1일-5일,어린이,개인,33
9,Jan-14,1일-5일,청소년,개인,18
10,Jan-14,1일-5일,청소년,단체,100
11,Jan-14,1일-5일,대학생,개인,1
12,Jan-14,1일-5일,성인,개인,37
13,Jan-14,20일-26일,어린이,개인,88
14,Jan-14,20일-26일,어린이,단체,12
15,Jan-14,20일-26일,청소년,개인,19
16,Jan-14,20일-26일,대학생,개인,7
17,Jan-14,20일-26일,성인,개인,91
18,Jan-14,27일-31일,어린이,개인,3
19,Jan-14,27일-31일,청소년,개인,9
20,Jan-14,27일-31일,성인,개인,6
21,Jan-14,6일-12일,어린이,개인,65
22,Jan-14,6일-12일,청소년,개인,4
23,Jan-14,6일-12일,대학생,개인,6
24,Jan-14,6일-12일,성인,개인,72
25,Feb-14,10일-16일,어린이,개인,3
26,Feb-14,10일-16일,청소년,개인,4
27,Feb-14,10일-16일,청소년,단체,29
28,Feb-14,10일-16일,대학생,개인,9
29,Feb-14,10일-16일,성인,개인,67
30,Feb-14,17일-23일,어린이,개인,15
31,Feb-14,17일-23일,청소년,개인,16
32,Feb-14,17일-23일,청소년,단체,30
33,Feb-14,17일-23일,대학생,개인,7
34,Feb-14,17일-23일,성인,개인,33
35,Feb-14,24일-28일,어린이,개인,12
36,Feb-14,24일-28일,청소년,개인,8
37,Feb-14,24일-28일,대학생,개인,5
38,Feb-14,24일-28일,성인,개인,30
39,Feb-14,3일-9일,어린이,개인,7
40,Feb-14,3일-9일,청소년,개인,14
41,Feb-14,3일-9일,대학생,개인,12
42,Feb-14,3일-9일,대학생,단체,52
43,Feb-14,3일-9일,성인,개인,39
44,Mar-14,10일-16일,어린이,개인,9
45,Mar-14,10일-16일,청소년,개인,3
46,Mar-14,10일-16일,청소년,단체,51
47,Mar-14,10일-16일,대학생,개인,7
48,Mar-14,10일-16일,성인,개인,34
49,Mar-14,17일-23일,어린이,개인,3
50,Mar-14,17일-23일,청소년,개인,4
51,Mar-14,17일-23일,청소년,단체,33
52,Mar-14,17일-23일,대학생,개인,14
53,Mar-14,17일-23일,성인,개인,27
54,Mar-14,1일-2일,어린이,개인,6
55,Mar-14,1일-2일,성인,개인,8
56,Mar-14,24일-30일,어린이,개인,8
57,Mar-14,24일-30일,청소년,개인,4
58,Mar-14,24일-30일,청소년,단체,105
59,Mar-14,24일-30일,대학생,개인,51
60,Mar-14,24일-30일,성인,개인,29
61,Mar-14,31일,대학생,단체,67
62,Mar-14,3일-9일,어린이,개인,8
63,Mar-14,3일-9일,청소년,개인,3
64,Mar-14,3일-9일,대학생,개인,2
65,Mar-14,3일-9일,성인,개인,44
66,Apr-14,14일-20일,어린이,개인,2
67,Apr-14,14일-20일,청소년,단체,91
68,Apr-14,14일-20일,대학생,개인,4
69,Apr-14,14일-20일,대학생,단체,18
70,Apr-14,14일-20일,성인,개인,31
71,Apr-14,1일-6일,어린이,개인,3
72,Apr-14,1일-6일,청소년,개인,8
73,Apr-14,1일-6일,청소년,단체,127
74,Apr-14,1일-6일,대학생,개인,25
75,Apr-14,1일-6일,성인,개인,30
76,Apr-14,21일-27일,어린이,개인,3
77,Apr-14,21일-27일,어린이,단체,18
78,Apr-14,21일-27일,청소년,단체,76
79,Apr-14,21일-27일,대학생,개인,9
80,Apr-14,21일-27일,성인,개인,45
81,Apr-14,28일-30일,청소년,단체,299
82,Apr-14,28일-30일,대학생,개인,1
83,Apr-14,28일-30일,성인,개인,3
84,Apr-14,7일-13일,어린이,개인,6
85,Apr-14,7일-13일,어린이,단체,32
86,Apr-14,7일-13일,청소년,개인,3
87,Apr-14,7일-13일,청소년,단체,72
88,Apr-14,7일-13일,대학생,개인,4
89,Apr-14,7일-13일,대학생,단체,38
90,Apr-14,7일-13일,성인,개인,23
91,May-14,12일-18일,어린이,개인,23
92,May-14,12일-18일,청소년,개인,6
93,May-14,12일-18일,청소년,단체,221
94,May-14,12일-18일,대학생,개인,8
95,May-14,12일-18일,성인,개인,38
96,May-14,19일-25일,어린이,개인,6
97,May-14,19일-25일,청소년,개인,5
98,May-14,19일-25일,청소년,단체,196
99,May-14,19일-25일,대학생,개인,9
100,May-14,19일-25일,대학생,단체,41
101,May-14,19일-25일,성인,개인,18
102,May-14,1일-4일,어린이,개인,2
103,May-14,1일-4일,청소년,개인,1
104,May-14,1일-4일,청소년,단체,76
105,May-14,1일-4일,대학생,개인,8
106,May-14,1일-4일,성인,개인,4
107,May-14,26일-31일,어린이,개인,6
108,May-14,26일-31일,어린이,단체,28
109,May-14,26일-31일,청소년,개인,9
110,May-14,26일-31일,청소년,단체,152
111,May-14,26일-31일,대학생,개인,65
112,May-14,26일-31일,대학생,단체,5
113,May-14,26일-31일,성인,개인,8
114,May-14,5일-11일,어린이,개인,116
115,May-14,5일-11일,어린이,단체,57
116,May-14,5일-11일,청소년,개인,5
117,May-14,5일-11일,청소년,단체,59
118,May-14,5일-11일,대학생,개인,22
119,May-14,5일-11일,성인,개인,39
120,Jun-14,16일-22일,어린이,개인,8
121,Jun-14,16일-22일,어린이,단체,19
122,Jun-14,16일-22일,청소년,개인,8
123,Jun-14,16일-22일,청소년,단체,256
124,Jun-14,16일-22일,대학생,개인,4
125,Jun-14,16일-22일,성인,개인,11
126,Jun-14,1일,어린이,개인,7
127,Jun-14,1일,청소년,개인,2
128,Jun-14,1일,대학생,개인,1
129,Jun-14,1일,성인,개인,8
130,Jun-14,23일-29일,어린이,개인,6
131,Jun-14,23일-29일,청소년,단체,94
132,Jun-14,23일-29일,대학생,개인,9
133,Jun-14,23일-29일,성인,개인,26
134,Jun-14,2일-8일,어린이,개인,7
135,Jun-14,2일-8일,청소년,개인,5
136,Jun-14,2일-8일,청소년,단체,59
137,Jun-14,2일-8일,대학생,개인,12
138,Jun-14,2일-8일,성인,개인,10
139,Jun-14,9일-15일,어린이,개인,8
140,Jun-14,9일-15일,어린이,단체,93
141,Jun-14,9일-15일,청소년,개인,9
142,Jun-14,9일-15일,청소년,단체,168
143,Jun-14,9일-15일,대학생,개인,27
144,Jun-14,9일-15일,대학생,단체,24
145,Jun-14,9일-15일,성인,개인,33
146,Jul-14,14일-20일,어린이,개인,16
147,Jul-14,14일-20일,어린이,단체,9
148,Jul-14,14일-20일,청소년,개인,3
149,Jul-14,14일-20일,청소년,단체,371
150,Jul-14,14일-20일,대학생,개인,2
151,Jul-14,14일-20일,성인,개인,57
152,Jul-14,1일-6일,어린이,개인,3
153,Jul-14,1일-6일,청소년,개인,1
154,Jul-14,1일-6일,대학생,개인,15
155,Jul-14,1일-6일,대학생,단체,15
156,Jul-14,1일-6일,성인,개인,27
157,Jul-14,21일-27일,어린이,개인,139
158,Jul-14,21일-27일,청소년,개인,24
159,Jul-14,21일-27일,대학생,개인,11
160,Jul-14,21일-27일,성인,개인,148
161,Jul-14,28일-31일,어린이,개인,28
162,Jul-14,28일-31일,어린이,단체,22
163,Jul-14,28일-31일,청소년,개인,16
164,Jul-14,28일-31일,대학생,개인,6
165,Jul-14,28일-31일,성인,개인,63
166,Jul-14,28일-31일,성인,단체,38
167,Jul-14,7일-13일,어린이,개인,6
168,Jul-14,7일-13일,청소년,개인,71
169,Jul-14,7일-13일,청소년,단체,318
170,Jul-14,7일-13일,대학생,개인,2
171,Jul-14,7일-13일,성인,개인,47
172,Aug-14,11일-17일,어린이,개인,138
173,Aug-14,11일-17일,어린이,단체,54
174,Aug-14,11일-17일,청소년,개인,36
175,Aug-14,11일-17일,청소년,단체,44
176,Aug-14,11일-17일,대학생,개인,2
177,Aug-14,11일-17일,성인,개인,112
178,Aug-14,18일-24일,어린이,개인,114
179,Aug-14,18일-24일,청소년,개인,16
180,Aug-14,18일-24일,청소년,단체,49
181,Aug-14,18일-24일,대학생,개인,2
182,Aug-14,18일-24일,성인,개인,118
183,Aug-14,18일-24일,성인,단체,7
184,Aug-14,1일-3일,어린이,개인,44
185,Aug-14,1일-3일,청소년,개인,6
186,Aug-14,1일-3일,성인,개인,41
187,Aug-14,25일-31일,어린이,개인,42
188,Aug-14,25일-31일,어린이,단체,73
189,Aug-14,25일-31일,청소년,개인,3
190,Aug-14,25일-31일,청소년,단체,81
191,Aug-14,25일-31일,대학생,개인,9
192,Aug-14,25일-31일,성인,개인,43
193,Aug-14,25일-31일,성인,단체,12
194,Aug-14,4일-10일,어린이,개인,105
195,Aug-14,4일-10일,어린이,단체,129
196,Aug-14,4일-10일,청소년,개인,36
197,Aug-14,4일-10일,청소년,단체,6
198,Aug-14,4일-10일,대학생,개인,12
199,Aug-14,4일-10일,성인,개인,115
200,Aug-14,4일-10일,성인,단체,36
201,Sep-14,15일-21일,어린이,개인,3
202,Sep-14,15일-21일,어린이,단체,53
203,Sep-14,15일-21일,청소년,개인,8
204,Sep-14,15일-21일,청소년,단체,97
205,Sep-14,15일-21일,대학생,개인,7
206,Sep-14,15일-21일,성인,개인,28
207,Sep-14,1일-7일,어린이,단체,44
208,Sep-14,1일-7일,청소년,개인,6
209,Sep-14,1일-7일,청소년,단체,136
210,Sep-14,1일-7일,대학생,개인,5
211,Sep-14,1일-7일,성인,개인,18
212,Sep-14,22일-28일,어린이,개인,3
213,Sep-14,22일-28일,청소년,개인,34
214,Sep-14,22일-28일,청소년,단체,82
215,Sep-14,22일-28일,대학생,개인,30
216,Sep-14,22일-28일,성인,개인,20
217,Sep-14,29일-30일,청소년,개인,2
218,Sep-14,29일-30일,청소년,단체,48
219,Sep-14,29일-30일,성인,개인,5
220,Sep-14,8일-14일,어린이,개인,3
221,Sep-14,8일-14일,청소년,개인,5
222,Sep-14,8일-14일,청소년,단체,18
223,Sep-14,8일-14일,대학생,개인,7
224,Sep-14,8일-14일,성인,개인,17
225,Oct-14,13일-19일,어린이,개인,5
226,Oct-14,13일-19일,청소년,개인,52
227,Oct-14,13일-19일,청소년,단체,243
228,Oct-14,13일-19일,대학생,개인,15
229,Oct-14,13일-19일,성인,개인,19
230,Oct-14,1일-5일,어린이,개인,7
231,Oct-14,1일-5일,청소년,단체,11
232,Oct-14,1일-5일,대학생,개인,6
233,Oct-14,1일-5일,성인,개인,14
234,Oct-14,20일-26일,어린이,개인,2
235,Oct-14,20일-26일,청소년,개인,26
236,Oct-14,20일-26일,청소년,단체,159
237,Oct-14,20일-26일,대학생,개인,15
238,Oct-14,20일-26일,대학생,단체,43
239,Oct-14,20일-26일,성인,개인,18
240,Oct-14,27일-31일,어린이,개인,5
241,Oct-14,27일-31일,청소년,단체,170
242,Oct-14,27일-31일,대학생,개인,16
243,Oct-14,27일-31일,대학생,단체,23
244,Oct-14,27일-31일,성인,개인,21
245,Oct-14,6일-12일,어린이,개인,6
246,Oct-14,6일-12일,어린이,단체,109
247,Oct-14,6일-12일,청소년,개인,1
248,Oct-14,6일-12일,청소년,단체,65
249,Oct-14,6일-12일,대학생,개인,9
250,Oct-14,6일-12일,성인,개인,18
251,Nov-14,10일-16일,어린이,단체,40
252,Nov-14,10일-16일,청소년,개인,6
253,Nov-14,10일-16일,청소년,단체,30
254,Nov-14,10일-16일,대학생,개인,9
255,Nov-14,10일-16일,대학생,단체,164
256,Nov-14,10일-16일,성인,개인,25
257,Nov-14,17일-23일,어린이,단체,47
258,Nov-14,17일-23일,청소년,개인,2
259,Nov-14,17일-23일,청소년,단체,176
260,Nov-14,17일-23일,대학생,개인,4
261,Nov-14,17일-23일,성인,개인,16
262,Nov-14,1일-2일,어린이,개인,2
263,Nov-14,1일-2일,청소년,개인,3
264,Nov-14,1일-2일,성인,개인,8
265,Nov-14,24일-30일,어린이,개인,2
266,Nov-14,24일-30일,어린이,단체,40
267,Nov-14,24일-30일,청소년,개인,9
268,Nov-14,24일-30일,청소년,단체,105
269,Nov-14,24일-30일,대학생,개인,7
270,Nov-14,24일-30일,대학생,단체,57
271,Nov-14,24일-30일,성인,개인,33
272,Nov-14,3일-9일,어린이,개인,3
273,Nov-14,3일-9일,청소년,개인,9
274,Nov-14,3일-9일,청소년,단체,131
275,Nov-14,3일-9일,대학생,개인,41
276,Nov-14,3일-9일,성인,개인,24
277,Dec-14,15일-21일,어린이,개인,2
278,Dec-14,15일-21일,어린이,단체,8
279,Dec-14,15일-21일,청소년,개인,30
280,Dec-14,15일-21일,청소년,단체,211
281,Dec-14,15일-21일,대학생,개인,5
282,Dec-14,15일-21일,성인,개인,12
283,Dec-14,1일-7일,어린이,개인,3
284,Dec-14,1일-7일,어린이,단체,33
285,Dec-14,1일-7일,청소년,단체,222
286,Dec-14,1일-7일,대학생,개인,21
287,Dec-14,1일-7일,성인,개인,22
288,Dec-14,22일-28일,어린이,개인,9
289,Dec-14,22일-28일,청소년,개인,8
290,Dec-14,22일-28일,청소년,단체,152
291,Dec-14,22일-28일,대학생,개인,12
292,Dec-14,22일-28일,성인,개인,28
293,Dec-14,29일-31일,어린이,개인,83
294,Dec-14,29일-31일,청소년,개인,3
295,Dec-14,29일-31일,성인,개인,65
296,Dec-14,8일-14일,어린이,개인,5
297,Dec-14,8일-14일,청소년,개인,4
298,Dec-14,8일-14일,청소년,단체,140
299,Dec-14,8일-14일,대학생,개인,3
300,Dec-14,8일-14일,성인,개인,20
301,Dec-14,8일-14일,성인,단체,22
302,Jan-15,12일-18일,어린이,개인,96
303,Jan-15,12일-18일,청소년,개인,7
304,Jan-15,12일-18일,청소년,단체,30
305,Jan-15,12일-18일,대학생,개인,6
306,Jan-15,12일-18일,성인,개인,72
307,Jan-15,19일-25일,어린이,개인,108
308,Jan-15,19일-25일,어린이,단체,44
309,Jan-15,19일-25일,청소년,개인,13
310,Jan-15,19일-25일,대학생,개인,2
311,Jan-15,19일-25일,성인,개인,94
312,Jan-15,1일-4일,어린이,개인,33
313,Jan-15,1일-4일,청소년,개인,4
314,Jan-15,1일-4일,대학생,개인,1
315,Jan-15,1일-4일,성인,개인,30
316,Jan-15,26일-31일,어린이,개인,36
317,Jan-15,26일-31일,어린이,단체,67
318,Jan-15,26일-31일,청소년,개인,12
319,Jan-15,26일-31일,대학생,개인,1
320,Jan-15,26일-31일,성인,개인,42
321,Jan-15,5일-11일,어린이,개인,60
322,Jan-15,5일-11일,청소년,개인,8
323,Jan-15,5일-11일,청소년,단체,13
324,Jan-15,5일-11일,대학생,개인,2
325,Jan-15,5일-11일,성인,개인,63
326,Feb-15,16일-22일,어린이,개인,1
327,Feb-15,16일-22일,청소년,개인,2
328,Feb-15,16일-22일,성인,개인,3
329,Feb-15,1일,어린이,개인,4
330,Feb-15,1일,청소년,개인,3
331,Feb-15,1일,성인,개인,11
332,Feb-15,23일-28일,어린이,개인,3
333,Feb-15,23일-28일,대학생,개인,4
334,Feb-15,23일-28일,성인,개인,15
335,Feb-15,2일-8일,어린이,개인,9
336,Feb-15,2일-8일,청소년,개인,3
337,Feb-15,2일-8일,대학생,개인,5
338,Feb-15,2일-8일,성인,개인,23
339,Feb-15,9일-15일,어린이,개인,11
340,Feb-15,9일-15일,청소년,개인,3
341,Feb-15,9일-15일,대학생,개인,1
342,Feb-15,9일-15일,성인,개인,23
343,Mar-15,16일-22일,어린이,개인,7
344,Mar-15,16일-22일,청소년,개인,2
345,Mar-15,16일-22일,성인,개인,24
346,Mar-15,23일-29일,어린이,개인,4
347,Mar-15,23일-29일,청소년,개인,8
348,Mar-15,23일-29일,청소년,단체,22
349,Mar-15,23일-29일,대학생,개인,16
350,Mar-15,23일-29일,대학생,단체,11
351,Mar-15,23일-29일,성인,개인,35
352,Mar-15,2일-8일,어린이,개인,7
353,Mar-15,2일-8일,청소년,개인,1
354,Mar-15,2일-8일,대학생,개인,2
355,Mar-15,2일-8일,성인,개인,20
356,Mar-15,30일-31일,청소년,단체,20
357,Mar-15,30일-31일,대학생,개인,6
358,Mar-15,30일-31일,성인,개인,2
359,Mar-15,9일-15일,어린이,개인,6
360,Mar-15,9일-15일,청소년,개인,11
361,Mar-15,9일-15일,대학생,개인,1
362,Mar-15,9일-15일,성인,개인,54
363,Apr-15,13일-19일,어린이,개인,1
364,Apr-15,13일-19일,청소년,개인,4
365,Apr-15,13일-19일,청소년,단체,61
366,Apr-15,13일-19일,대학생,개인,6
367,Apr-15,13일-19일,성인,개인,25
368,Apr-15,1일-5일,어린이,개인,8
369,Apr-15,1일-5일,청소년,단체,58
370,Apr-15,1일-5일,대학생,개인,39
371,Apr-15,1일-5일,대학생,단체,24
372,Apr-15,1일-5일,성인,개인,16
373,Apr-15,20일-26일,어린이,개인,3
374,Apr-15,20일-26일,어린이,단체,180
375,Apr-15,20일-26일,청소년,단체,64
376,Apr-15,20일-26일,대학생,개인,3
377,Apr-15,20일-26일,성인,개인,36
378,Apr-15,27일-30일,청소년,단체,330
379,Apr-15,27일-30일,대학생,개인,11
380,Apr-15,27일-30일,대학생,단체,51
381,Apr-15,27일-30일,성인,개인,4
382,Apr-15,6일-12일,어린이,개인,11
383,Apr-15,6일-12일,청소년,개인,7
384,Apr-15,6일-12일,청소년,단체,145
385,Apr-15,6일-12일,대학생,개인,7
386,Apr-15,6일-12일,대학생,단체,11
387,Apr-15,6일-12일,성인,개인,17
388,May-15,11일-17일,어린이,개인,4
389,May-15,11일-17일,청소년,개인,26
390,May-15,11일-17일,청소년,단체,141
391,May-15,11일-17일,대학생,개인,15
392,May-15,11일-17일,대학생,단체,118
393,May-15,11일-17일,성인,개인,24
394,May-15,18일-24일,어린이,개인,1
395,May-15,18일-24일,어린이,단체,11
396,May-15,18일-24일,청소년,개인,4
397,May-15,18일-24일,청소년,단체,300
398,May-15,18일-24일,대학생,개인,9
399,May-15,18일-24일,성인,개인,19
400,May-15,1일-3일,어린이,개인,8
401,May-15,1일-3일,청소년,개인,14
402,May-15,1일-3일,청소년,단체,35
403,May-15,1일-3일,대학생,개인,15
404,May-15,1일-3일,대학생,단체,7
405,May-15,1일-3일,성인,개인,21
406,May-15,25일-31일,어린이,개인,2
407,May-15,25일-31일,청소년,개인,29
408,May-15,25일-31일,청소년,단체,163
409,May-15,25일-31일,대학생,개인,5
410,May-15,25일-31일,성인,개인,43
411,May-15,4일-10일,어린이,개인,2
412,May-15,4일-10일,청소년,개인,31
413,May-15,4일-10일,청소년,단체,48
414,May-15,4일-10일,대학생,개인,18
415,May-15,4일-10일,성인,개인,9
416,Jun-15,15일-21일,어린이,개인,2
417,Jun-15,15일-21일,청소년,단체,9
418,Jun-15,15일-21일,대학생,개인,4
419,Jun-15,15일-21일,대학생,단체,81
420,Jun-15,15일-21일,성인,개인,22
421,Jun-15,1일-7일,청소년,개인,11
422,Jun-15,1일-7일,청소년,단체,37
423,Jun-15,1일-7일,대학생,개인,27
424,Jun-15,1일-7일,성인,개인,11
425,Jun-15,1일-7일,성인,단체,10
426,Jun-15,22일-28일,어린이,개인,1
427,Jun-15,22일-28일,청소년,개인,1
428,Jun-15,22일-28일,청소년,단체,17
429,Jun-15,22일-28일,대학생,개인,5
430,Jun-15,22일-28일,성인,개인,25
431,Jun-15,29일-30일,대학생,개인,6
432,Jun-15,29일-30일,성인,개인,1
433,Jun-15,8일-14일,어린이,개인,1
434,Jun-15,8일-14일,청소년,개인,1
435,Jun-15,8일-14일,청소년,단체,179
436,Jun-15,8일-14일,대학생,개인,4
437,Jun-15,8일-14일,성인,개인,9
438,Jul-15,13일-19일,어린이,개인,5
439,Jul-15,13일-19일,청소년,개인,3
440,Jul-15,13일-19일,청소년,단체,259
441,Jul-15,13일-19일,대학생,개인,1
442,Jul-15,13일-19일,성인,개인,32
443,Jul-15,1일-5일,어린이,개인,5
444,Jul-15,1일-5일,청소년,개인,2
445,Jul-15,1일-5일,청소년,단체,16
446,Jul-15,1일-5일,대학생,개인,4
447,Jul-15,1일-5일,성인,개인,16
448,Jul-15,20일-26일,어린이,개인,74
449,Jul-15,20일-26일,청소년,개인,17
450,Jul-15,20일-26일,대학생,개인,5
451,Jul-15,20일-26일,성인,개인,64
452,Jul-15,27일-31일,어린이,개인,50
453,Jul-15,27일-31일,청소년,개인,23
454,Jul-15,27일-31일,청소년,단체,39
455,Jul-15,27일-31일,대학생,개인,9
456,Jul-15,27일-31일,성인,개인,38
457,Jul-15,27일-31일,성인,단체,15
458,Jul-15,6일-12일,어린이,개인,4
459,Jul-15,6일-12일,청소년,개인,9
460,Jul-15,6일-12일,청소년,단체,256
461,Jul-15,6일-12일,대학생,개인,1
462,Jul-15,6일-12일,성인,개인,47
463,Aug-15,10일-16일,어린이,개인,35
464,Aug-15,10일-16일,어린이,단체,13
465,Aug-15,10일-16일,청소년,개인,4
466,Aug-15,10일-16일,청소년,단체,114
467,Aug-15,10일-16일,대학생,개인,4
468,Aug-15,10일-16일,성인,개인,32
469,Aug-15,17일-23일,어린이,개인,16
470,Aug-15,17일-23일,어린이,단체,56
471,Aug-15,17일-23일,청소년,개인,7
472,Aug-15,17일-23일,청소년,단체,55
473,Aug-15,17일-23일,성인,개인,22
474,Aug-15,1일-2일,어린이,개인,8
475,Aug-15,1일-2일,청소년,개인,2
476,Aug-15,1일-2일,대학생,개인,1
477,Aug-15,1일-2일,성인,개인,7
478,Aug-15,24일-30일,어린이,개인,2
479,Aug-15,24일-30일,어린이,단체,26
480,Aug-15,24일-30일,청소년,개인,3
481,Aug-15,24일-30일,청소년,단체,289
482,Aug-15,24일-30일,대학생,개인,6
483,Aug-15,24일-30일,대학생,단체,8
484,Aug-15,24일-30일,성인,개인,21
485,Aug-15,3일-9일,어린이,개인,36
486,Aug-15,3일-9일,청소년,개인,58
487,Aug-15,3일-9일,청소년,단체,27
488,Aug-15,3일-9일,성인,개인,44
489,Sep-15,14일-20일,어린이,개인,6
490,Sep-15,14일-20일,어린이,단체,5
491,Sep-15,14일-20일,청소년,개인,2
492,Sep-15,14일-20일,청소년,단체,162
493,Sep-15,14일-20일,대학생,개인,20
494,Sep-15,14일-20일,성인,개인,26
495,Sep-15,14일-20일,성인,단체,16
496,Sep-15,1일-6일,어린이,개인,4
497,Sep-15,1일-6일,청소년,단체,243
498,Sep-15,1일-6일,대학생,개인,2
499,Sep-15,1일-6일,성인,개인,24
500,Sep-15,21일-27일,어린이,개인,3
501,Sep-15,21일-27일,청소년,개인,24
502,Sep-15,21일-27일,청소년,단체,197
503,Sep-15,21일-27일,대학생,단체,31
504,Sep-15,21일-27일,성인,개인,6
505,Sep-15,28일-30일,성인,개인,4
506,Sep-15,7일-13일,어린이,단체,36
507,Sep-15,7일-13일,청소년,개인,11
508,Sep-15,7일-13일,청소년,단체,93
509,Sep-15,7일-13일,대학생,개인,12
510,Sep-15,7일-13일,성인,개인,24
511,Oct-15,12일-18일,어린이,개인,5
512,Oct-15,12일-18일,어린이,단체,25
513,Oct-15,12일-18일,청소년,개인,7
514,Oct-15,12일-18일,청소년,단체,365
515,Oct-15,12일-18일,대학생,개인,6
516,Oct-15,12일-18일,성인,개인,14
517,Oct-15,19일-25일,어린이,개인,12
518,Oct-15,19일-25일,청소년,개인,11
519,Oct-15,19일-25일,청소년,단체,99
520,Oct-15,19일-25일,대학생,개인,5
521,Oct-15,19일-25일,대학생,단체,34
522,Oct-15,19일-25일,성인,개인,12
523,Oct-15,1일-4일,어린이,개인,2
524,Oct-15,1일-4일,청소년,개인,7
525,Oct-15,1일-4일,청소년,단체,40
526,Oct-15,1일-4일,대학생,개인,12
527,Oct-15,1일-4일,성인,개인,2
528,Oct-15,26일-31일,어린이,개인,2
529,Oct-15,26일-31일,청소년,개인,4
530,Oct-15,26일-31일,청소년,단체,120
531,Oct-15,26일-31일,대학생,개인,8
532,Oct-15,26일-31일,성인,개인,17
533,Oct-15,5일-11일,어린이,개인,6
534,Oct-15,5일-11일,어린이,단체,57
535,Oct-15,5일-11일,청소년,개인,26
536,Oct-15,5일-11일,청소년,단체,146
537,Oct-15,5일-11일,대학생,개인,10
538,Oct-15,5일-11일,성인,개인,13
539,Nov-15,16일-22일,어린이,개인,5
540,Nov-15,16일-22일,청소년,개인,4
541,Nov-15,16일-22일,청소년,단체,111
542,Nov-15,16일-22일,대학생,개인,18
543,Nov-15,16일-22일,성인,개인,39
544,Nov-15,1일,청소년,개인,3
545,Nov-15,1일,성인,개인,1
546,Nov-15,23일-29일,어린이,개인,3
547,Nov-15,23일-29일,어린이,단체,20
548,Nov-15,23일-29일,청소년,개인,2
549,Nov-15,23일-29일,청소년,단체,179
550,Nov-15,23일-29일,대학생,개인,4
551,Nov-15,23일-29일,대학생,단체,22
552,Nov-15,23일-29일,성인,개인,21
553,Nov-15,2일-8일,어린이,개인,1
554,Nov-15,2일-8일,어린이,단체,40
555,Nov-15,2일-8일,청소년,개인,8
556,Nov-15,2일-8일,청소년,단체,82
557,Nov-15,2일-8일,대학생,단체,168
558,Nov-15,2일-8일,성인,개인,23
559,Nov-15,9일-15일,어린이,개인,1
560,Nov-15,9일-15일,청소년,개인,7
561,Nov-15,9일-15일,청소년,단체,148
562,Nov-15,9일-15일,대학생,개인,29
563,Nov-15,9일-15일,대학생,단체,9
564,Nov-15,9일-15일,성인,개인,11
565,Dec-15,14일-20일,어린이,개인,2
566,Dec-15,14일-20일,청소년,개인,7
567,Dec-15,14일-20일,청소년,단체,106
568,Dec-15,14일-20일,대학생,개인,18
569,Dec-15,14일-20일,성인,개인,31
570,Dec-15,1일-6일,어린이,개인,5
571,Dec-15,1일-6일,청소년,개인,3
572,Dec-15,1일-6일,청소년,단체,90
573,Dec-15,1일-6일,대학생,개인,14
574,Dec-15,1일-6일,성인,개인,38
575,Dec-15,21일-27일,어린이,개인,10
576,Dec-15,21일-27일,청소년,개인,2
577,Dec-15,21일-27일,청소년,단체,29
578,Dec-15,21일-27일,대학생,개인,2
579,Dec-15,21일-27일,성인,개인,36
580,Dec-15,28일-31일,어린이,개인,2
581,Dec-15,28일-31일,청소년,개인,6
582,Dec-15,28일-31일,대학생,개인,2
583,Dec-15,28일-31일,성인,개인,17
584,Dec-15,7일-13일,어린이,개인,6
585,Dec-15,7일-13일,청소년,개인,1
586,Dec-15,7일-13일,청소년,단체,128
587,Dec-15,7일-13일,대학생,단체,54
588,Dec-15,7일-13일,성인,개인,16
589,Jan-16,11일-17일,어린이,개인,37
590,Jan-16,11일-17일,어린이,단체,61
591,Jan-16,11일-17일,청소년,개인,19
592,Jan-16,11일-17일,대학생,개인,1
593,Jan-16,11일-17일,성인,개인,36
594,Jan-16,18일-24일,어린이,개인,38
595,Jan-16,18일-24일,어린이,단체,143
596,Jan-16,18일-24일,청소년,개인,9
597,Jan-16,18일-24일,청소년,단체,28
598,Jan-16,18일-24일,대학생,개인,2
599,Jan-16,18일-24일,대학생,단체,20
600,Jan-16,18일-24일,성인,개인,38
601,Jan-16,1일-3일,어린이,개인,8
602,Jan-16,1일-3일,어린이,단체,22
603,Jan-16,1일-3일,청소년,개인,4
604,Jan-16,1일-3일,성인,개인,7
605,Jan-16,25일-31일,어린이,개인,24
606,Jan-16,25일-31일,어린이,단체,35
607,Jan-16,25일-31일,청소년,개인,17
608,Jan-16,25일-31일,대학생,개인,26
609,Jan-16,25일-31일,성인,개인,27
610,Jan-16,4일-10일,어린이,개인,36
611,Jan-16,4일-10일,어린이,단체,76
612,Jan-16,4일-10일,청소년,개인,9
613,Jan-16,4일-10일,청소년,단체,15
614,Jan-16,4일-10일,대학생,개인,2
615,Jan-16,4일-10일,성인,개인,37
616,Jan-16,4일-10일,성인,단체,57
617,Feb-16,15일-21일,어린이,개인,17
618,Feb-16,15일-21일,청소년,개인,4
619,Feb-16,15일-21일,대학생,개인,1
620,Feb-16,15일-21일,성인,개인,32
621,Feb-16,1일-7일,어린이,개인,5
622,Feb-16,1일-7일,청소년,개인,2
623,Feb-16,1일-7일,대학생,개인,2
624,Feb-16,1일-7일,성인,개인,21
625,Feb-16,22일-28일,어린이,개인,13
626,Feb-16,22일-28일,청소년,개인,10
627,Feb-16,22일-28일,대학생,개인,8
628,Feb-16,22일-28일,성인,개인,31
629,Feb-16,8일-14일,어린이,개인,12
630,Feb-16,8일-14일,청소년,개인,9
631,Feb-16,8일-14일,청소년,단체,26
632,Feb-16,8일-14일,대학생,개인,4
633,Feb-16,8일-14일,성인,개인,26
634,Mar-16,14일-20일,어린이,개인,12
635,Mar-16,14일-20일,청소년,단체,27
636,Mar-16,14일-20일,대학생,개인,8
637,Mar-16,14일-20일,대학생,단체,15
638,Mar-16,14일-20일,성인,개인,59
639,Mar-16,1일-6일,어린이,개인,16
640,Mar-16,1일-6일,청소년,개인,2
641,Mar-16,1일-6일,대학생,개인,2
642,Mar-16,1일-6일,성인,개인,35
643,Mar-16,21일-27일,어린이,개인,11
644,Mar-16,21일-27일,청소년,개인,4
645,Mar-16,21일-27일,청소년,단체,51
646,Mar-16,21일-27일,대학생,개인,7
647,Mar-16,21일-27일,성인,개인,32
648,Mar-16,28일-31일,어린이,개인,3
649,Mar-16,28일-31일,청소년,개인,2
650,Mar-16,28일-31일,청소년,단체,94
651,Mar-16,28일-31일,대학생,개인,6
652,Mar-16,28일-31일,성인,개인,10
653,Mar-16,7일-13일,대학생,개인,10
654,Mar-16,7일-13일,대학생,단체,14
655,Mar-16,7일-13일,성인,개인,43
656,Apr-16,11일-17일,어린이,개인,9
657,Apr-16,11일-17일,어린이,단체,13
658,Apr-16,11일-17일,청소년,단체,130
659,Apr-16,11일-17일,대학생,개인,4
660,Apr-16,11일-17일,대학생,단체,56
661,Apr-16,11일-17일,성인,개인,15
662,Apr-16,18일-24일,어린이,개인,3
663,Apr-16,18일-24일,청소년,개인,5
664,Apr-16,18일-24일,대학생,단체,12
665,Apr-16,18일-24일,성인,개인,28
666,Apr-16,1일-3일,어린이,개인,5
667,Apr-16,1일-3일,청소년,개인,9
668,Apr-16,1일-3일,청소년,단체,73
669,Apr-16,1일-3일,대학생,개인,11
670,Apr-16,1일-3일,대학생,단체,46
671,Apr-16,1일-3일,성인,개인,11
672,Apr-16,25일-30일,어린이,개인,14
673,Apr-16,25일-30일,청소년,개인,5
674,Apr-16,25일-30일,청소년,단체,173
675,Apr-16,25일-30일,대학생,개인,6
676,Apr-16,25일-30일,성인,개인,18
677,Apr-16,4일-10일,어린이,개인,4
678,Apr-16,4일-10일,청소년,개인,4
679,Apr-16,4일-10일,청소년,단체,248
680,Apr-16,4일-10일,대학생,개인,19
681,Apr-16,4일-10일,대학생,단체,56
682,Apr-16,4일-10일,성인,개인,23
683,May-16,16일-22일,어린이,개인,7
684,May-16,16일-22일,청소년,개인,13
685,May-16,16일-22일,청소년,단체,218
686,May-16,16일-22일,대학생,개인,2
687,May-16,16일-22일,성인,개인,35
688,May-16,23일-29일,어린이,개인,6
689,May-16,23일-29일,청소년,개인,35
690,May-16,23일-29일,청소년,단체,549
691,May-16,23일-29일,대학생,개인,4
692,May-16,23일-29일,성인,개인,85
693,May-16,2일-8일,어린이,개인,5
694,May-16,2일-8일,청소년,개인,26
695,May-16,2일-8일,청소년,단체,55
696,May-16,2일-8일,대학생,개인,5
697,May-16,2일-8일,대학생,단체,51
698,May-16,2일-8일,성인,개인,13
699,May-16,30일-31일,청소년,단체,63
700,May-16,30일-31일,성인,개인,3
701,May-16,9일-15일,어린이,개인,9
702,May-16,9일-15일,청소년,개인,21
703,May-16,9일-15일,청소년,단체,163
704,May-16,9일-15일,대학생,개인,9
705,May-16,9일-15일,대학생,단체,15
706,May-16,9일-15일,성인,개인,21
707,Jun-16,13일-19일,어린이,개인,7
708,Jun-16,13일-19일,어린이,단체,194
709,Jun-16,13일-19일,청소년,개인,6
710,Jun-16,13일-19일,청소년,단체,88
711,Jun-16,13일-19일,대학생,단체,52
712,Jun-16,13일-19일,성인,개인,114
713,Jun-16,1일-5일,청소년,개인,7
714,Jun-16,1일-5일,청소년,단체,109
715,Jun-16,1일-5일,대학생,개인,2
716,Jun-16,1일-5일,성인,개인,21
717,Jun-16,20일-26일,어린이,개인,14
718,Jun-16,20일-26일,청소년,개인,1
719,Jun-16,20일-26일,청소년,단체,57
720,Jun-16,20일-26일,대학생,단체,27
721,Jun-16,20일-26일,성인,개인,35
722,Jun-16,27일-30일,어린이,개인,2
723,Jun-16,27일-30일,성인,개인,31
724,Jun-16,6일-12일,어린이,개인,6
725,Jun-16,6일-12일,어린이,단체,100
726,Jun-16,6일-12일,청소년,개인,15
727,Jun-16,6일-12일,청소년,단체,105
728,Jun-16,6일-12일,대학생,개인,7
729,Jun-16,6일-12일,성인,개인,38
730,Jun-16,6일-12일,성인,단체,16
731,Jul-16,11일-17일,어린이,개인,7
732,Jul-16,11일-17일,어린이,단체,38
733,Jul-16,11일-17일,청소년,개인,4
734,Jul-16,11일-17일,청소년,단체,263
735,Jul-16,11일-17일,대학생,개인,2
736,Jul-16,11일-17일,성인,개인,32
737,Jul-16,18일-24일,어린이,개인,178
738,Jul-16,18일-24일,어린이,단체,39
739,Jul-16,18일-24일,청소년,개인,47
740,Jul-16,18일-24일,청소년,단체,32
741,Jul-16,18일-24일,대학생,개인,7
742,Jul-16,18일-24일,성인,개인,198
743,Jul-16,1일-3일,어린이,개인,16
744,Jul-16,1일-3일,대학생,개인,1
745,Jul-16,1일-3일,대학생,단체,11
746,Jul-16,1일-3일,성인,개인,33
747,Jul-16,25일-31일,어린이,개인,69
748,Jul-16,25일-31일,청소년,개인,35
749,Jul-16,25일-31일,청소년,단체,15
750,Jul-16,25일-31일,대학생,개인,2
751,Jul-16,25일-31일,성인,개인,63
752,Jul-16,4일-10일,청소년,개인,39
753,Jul-16,4일-10일,청소년,단체,27
754,Jul-16,4일-10일,대학생,개인,2
755,Jul-16,4일-10일,대학생,단체,21
756,Jul-16,4일-10일,성인,개인,27
757,Aug-16,15일-21일,어린이,개인,71
758,Aug-16,15일-21일,어린이,단체,16
759,Aug-16,15일-21일,청소년,개인,13
760,Aug-16,15일-21일,대학생,개인,6
761,Aug-16,15일-21일,성인,개인,81
762,Aug-16,1일-7일,어린이,개인,96
763,Aug-16,1일-7일,청소년,개인,28
764,Aug-16,1일-7일,청소년,단체,46
765,Aug-16,1일-7일,대학생,개인,2
766,Aug-16,1일-7일,성인,개인,105
767,Aug-16,22일-28일,어린이,개인,31
768,Aug-16,22일-28일,청소년,개인,6
769,Aug-16,22일-28일,청소년,단체,232
770,Aug-16,22일-28일,대학생,개인,1
771,Aug-16,22일-28일,대학생,단체,14
772,Aug-16,22일-28일,성인,개인,36
773,Aug-16,29일-31일,청소년,개인,1
774,Aug-16,29일-31일,대학생,개인,19
775,Aug-16,29일-31일,성인,개인,7
776,Aug-16,8일-14일,어린이,개인,82
777,Aug-16,8일-14일,청소년,개인,45
778,Aug-16,8일-14일,청소년,단체,70
779,Aug-16,8일-14일,대학생,개인,6
780,Aug-16,8일-14일,성인,개인,85
781,Sep-16,12일-18일,어린이,개인,2
782,Sep-16,12일-18일,대학생,개인,3
783,Sep-16,12일-18일,성인,개인,4
784,Sep-16,19일-25일,어린이,개인,24
785,Sep-16,19일-25일,청소년,개인,6
786,Sep-16,19일-25일,청소년,단체,164
787,Sep-16,19일-25일,대학생,개인,5
788,Sep-16,19일-25일,대학생,단체,41
789,Sep-16,19일-25일,성인,개인,27
790,Sep-16,1일-4일,어린이,개인,21
791,Sep-16,1일-4일,청소년,개인,5
792,Sep-16,1일-4일,청소년,단체,149
793,Sep-16,1일-4일,대학생,개인,2
794,Sep-16,1일-4일,성인,개인,13
795,Sep-16,26일-30일,어린이,개인,4
796,Sep-16,26일-30일,청소년,개인,5
797,Sep-16,26일-30일,청소년,단체,186
798,Sep-16,26일-30일,대학생,개인,20
799,Sep-16,26일-30일,성인,개인,34
800,Sep-16,5일-11일,어린이,개인,10
801,Sep-16,5일-11일,청소년,개인,3
802,Sep-16,5일-11일,청소년,단체,186
803,Sep-16,5일-11일,대학생,개인,15
804,Sep-16,5일-11일,성인,개인,21
805,Oct-16,10일-16일,어린이,개인,1
806,Oct-16,10일-16일,어린이,단체,43
807,Oct-16,10일-16일,청소년,개인,8
808,Oct-16,10일-16일,청소년,단체,321
809,Oct-16,10일-16일,대학생,개인,9
810,Oct-16,10일-16일,성인,개인,18
811,Oct-16,17일-23일,어린이,개인,13
812,Oct-16,17일-23일,청소년,개인,49
813,Oct-16,17일-23일,청소년,단체,195
814,Oct-16,17일-23일,대학생,개인,10
815,Oct-16,17일-23일,성인,개인,37
816,Oct-16,1일-2일,어린이,개인,3
817,Oct-16,1일-2일,청소년,단체,12
818,Oct-16,1일-2일,대학생,개인,2
819,Oct-16,1일-2일,성인,개인,11
820,Oct-16,24일-30일,어린이,개인,6
821,Oct-16,24일-30일,청소년,개인,1
822,Oct-16,24일-30일,청소년,단체,46
823,Oct-16,24일-30일,대학생,개인,4
824,Oct-16,24일-30일,대학생,단체,34
825,Oct-16,24일-30일,성인,개인,25
826,Oct-16,24일-30일,성인,단체,50
827,Oct-16,3일-9일,어린이,개인,7
828,Oct-16,3일-9일,청소년,개인,3
829,Oct-16,3일-9일,청소년,단체,196
830,Oct-16,3일-9일,대학생,개인,8
831,Oct-16,3일-9일,대학생,단체,10
832,Oct-16,3일-9일,성인,개인,17
833,Nov-16,14일-20일,어린이,개인,2
834,Nov-16,14일-20일,청소년,개인,8
835,Nov-16,14일-20일,청소년,단체,61
836,Nov-16,14일-20일,대학생,개인,11
837,Nov-16,14일-20일,대학생,단체,25
838,Nov-16,14일-20일,성인,개인,12
839,Nov-16,1일-6일,어린이,개인,6
840,Nov-16,1일-6일,청소년,개인,18
841,Nov-16,1일-6일,청소년,단체,59
842,Nov-16,1일-6일,대학생,개인,50
843,Nov-16,1일-6일,성인,개인,16
844,Nov-16,21일-27일,어린이,개인,4
845,Nov-16,21일-27일,청소년,개인,2
846,Nov-16,21일-27일,청소년,단체,14
847,Nov-16,21일-27일,대학생,개인,18
848,Nov-16,21일-27일,대학생,단체,28
849,Nov-16,21일-27일,성인,개인,22
850,Nov-16,28일-30일,청소년,단체,166
851,Nov-16,28일-30일,대학생,개인,1
852,Nov-16,28일-30일,성인,개인,20
853,Nov-16,7일-13일,어린이,개인,4
854,Nov-16,7일-13일,청소년,개인,9
855,Nov-16,7일-13일,청소년,단체,114
856,Nov-16,7일-13일,대학생,개인,17
857,Nov-16,7일-13일,성인,개인,10
858,Dec-16,12일-18일,어린이,개인,15
859,Dec-16,12일-18일,어린이,단체,24
860,Dec-16,12일-18일,청소년,단체,290
861,Dec-16,12일-18일,성인,개인,31
862,Dec-16,19일-25일,어린이,단체,26
863,Dec-16,19일-25일,청소년,개인,3
864,Dec-16,19일-25일,청소년,단체,88
865,Dec-16,19일-25일,대학생,개인,3
866,Dec-16,19일-25일,성인,개인,19
867,Dec-16,19일-25일,성인,단체,14
868,Dec-16,1일-4일,어린이,개인,12
869,Dec-16,1일-4일,청소년,개인,10
870,Dec-16,1일-4일,대학생,개인,3
871,Dec-16,1일-4일,대학생,단체,49
872,Dec-16,1일-4일,성인,개인,24
873,Dec-16,26일-31일,어린이,개인,8
874,Dec-16,26일-31일,청소년,개인,7
875,Dec-16,26일-31일,성인,개인,31
876,Dec-16,5일-11일,어린이,개인,10
877,Dec-16,5일-11일,어린이,단체,30
878,Dec-16,5일-11일,청소년,개인,5
879,Dec-16,5일-11일,청소년,단체,260
880,Dec-16,5일-11일,대학생,개인,2
881,Dec-16,5일-11일,성인,개인,30
882,Jan-17,16일-22일,어린이,개인,109
883,Jan-17,16일-22일,청소년,개인,9
884,Jan-17,16일-22일,대학생,개인,4
885,Jan-17,16일-22일,성인,개인,67
886,Jan-17,23일-29일,어린이,개인,20
887,Jan-17,23일-29일,청소년,개인,5
888,Jan-17,23일-29일,성인,개인,23
889,Jan-17,2일-8일,어린이,개인,39
890,Jan-17,2일-8일,청소년,개인,11
891,Jan-17,2일-8일,대학생,개인,7
892,Jan-17,2일-8일,성인,개인,64
893,Jan-17,30일-31일,어린이,개인,29
894,Jan-17,30일-31일,청소년,개인,2
895,Jan-17,30일-31일,성인,개인,16
896,Jan-17,9일-15일,어린이,개인,29
897,Jan-17,9일-15일,어린이,단체,17
898,Jan-17,9일-15일,청소년,개인,14
899,Jan-17,9일-15일,대학생,개인,3
900,Jan-17,9일-15일,성인,개인,24
901,Feb-17,13일-19일,어린이,개인,17
902,Feb-17,13일-19일,청소년,개인,9
903,Feb-17,13일-19일,대학생,개인,3
904,Feb-17,13일-19일,성인,개인,40
905,Feb-17,13일-19일,성인,단체,21
906,Feb-17,1일-5일,어린이,개인,27
907,Feb-17,1일-5일,어린이,단체,25
908,Feb-17,1일-5일,청소년,개인,7
909,Feb-17,1일-5일,대학생,개인,2
910,Feb-17,1일-5일,성인,개인,33
911,Feb-17,1일-5일,성인,단체,21
912,Feb-17,20일-26일,어린이,개인,10
913,Feb-17,20일-26일,청소년,개인,2
914,Feb-17,20일-26일,대학생,개인,1
915,Feb-17,20일-26일,성인,개인,33
916,Feb-17,27일-28일,어린이,개인,2
917,Feb-17,27일-28일,청소년,개인,4
918,Feb-17,27일-28일,대학생,개인,5
919,Feb-17,27일-28일,성인,개인,4
920,Feb-17,6일-12일,어린이,개인,23
921,Feb-17,6일-12일,청소년,개인,3
922,Feb-17,6일-12일,대학생,개인,1
923,Feb-17,6일-12일,성인,개인,59
924,Mar-17,13일-19일,어린이,개인,16
925,Mar-17,13일-19일,청소년,개인,2
926,Mar-17,13일-19일,대학생,개인,3
927,Mar-17,13일-19일,성인,개인,46
928,Mar-17,1일-5일,어린이,개인,8
929,Mar-17,1일-5일,청소년,개인,2
930,Mar-17,1일-5일,대학생,개인,1
931,Mar-17,1일-5일,성인,개인,18
932,Mar-17,20일-26일,어린이,개인,16
933,Mar-17,20일-26일,청소년,개인,6
934,Mar-17,20일-26일,청소년,단체,21
935,Mar-17,20일-26일,성인,개인,42
936,Mar-17,27일-31일,어린이,개인,2
937,Mar-17,27일-31일,청소년,단체,90
938,Mar-17,27일-31일,대학생,개인,18
939,Mar-17,27일-31일,성인,개인,17
940,Mar-17,6일-12일,어린이,개인,14
941,Mar-17,6일-12일,성인,개인,66
942,Apr-17,10일-16일,어린이,개인,4
943,Apr-17,10일-16일,청소년,개인,4
944,Apr-17,10일-16일,청소년,단체,109
945,Apr-17,10일-16일,대학생,개인,6
946,Apr-17,10일-16일,성인,개인,20
947,Apr-17,17일-23일,어린이,개인,10
948,Apr-17,17일-23일,청소년,개인,2
949,Apr-17,17일-23일,청소년,단체,83
950,Apr-17,17일-23일,대학생,개인,5
951,Apr-17,17일-23일,대학생,단체,8
952,Apr-17,17일-23일,성인,개인,49
953,Apr-17,17일-23일,성인,단체,119
954,Apr-17,1일-2일,어린이,개인,6
955,Apr-17,1일-2일,청소년,개인,2
956,Apr-17,1일-2일,대학생,개인,15
957,Apr-17,1일-2일,성인,개인,12
958,Apr-17,24일-30일,어린이,개인,5
959,Apr-17,24일-30일,청소년,개인,27
960,Apr-17,24일-30일,청소년,단체,217
961,Apr-17,24일-30일,대학생,개인,1
962,Apr-17,24일-30일,대학생,단체,15
963,Apr-17,24일-30일,성인,개인,26
964,Apr-17,3일-9일,어린이,개인,24
965,Apr-17,3일-9일,청소년,개인,7
966,Apr-17,3일-9일,청소년,단체,73
967,Apr-17,3일-9일,대학생,개인,21
968,Apr-17,3일-9일,대학생,단체,105
969,Apr-17,3일-9일,성인,개인,29
970,May-17,15일-21일,어린이,개인,3
971,May-17,15일-21일,청소년,개인,15
972,May-17,15일-21일,청소년,단체,102
973,May-17,15일-21일,대학생,개인,5
974,May-17,15일-21일,대학생,단체,19
975,May-17,15일-21일,성인,개인,24
976,May-17,1일-7일,어린이,개인,8
977,May-17,1일-7일,청소년,개인,16
978,May-17,1일-7일,청소년,단체,180
979,May-17,1일-7일,대학생,개인,2
980,May-17,1일-7일,성인,개인,24
981,May-17,22일-28일,어린이,개인,13
982,May-17,22일-28일,어린이,단체,93
983,May-17,22일-28일,청소년,개인,12
984,May-17,22일-28일,청소년,단체,159
985,May-17,22일-28일,대학생,개인,3
986,May-17,22일-28일,대학생,단체,21
987,May-17,22일-28일,성인,개인,29
988,May-17,22일-28일,성인,단체,30
989,May-17,29일-31일,청소년,단체,54
990,May-17,29일-31일,대학생,단체,28
991,May-17,29일-31일,성인,개인,8
992,May-17,8일-14일,어린이,개인,13
993,May-17,8일-14일,청소년,개인,11
994,May-17,8일-14일,청소년,단체,244
995,May-17,8일-14일,대학생,개인,10
996,May-17,8일-14일,성인,개인,32
997,Jun-17,12일-18일,어린이,개인,1
998,Jun-17,12일-18일,어린이,단체,24
999,Jun-17,12일-18일,청소년,개인,26
1000,Jun-17,12일-18일,청소년,단체,78
1001,Jun-17,12일-18일,대학생,개인,2
1002,Jun-17,12일-18일,성인,개인,27
1003,Jun-17,19일-25일,어린이,개인,22
1004,Jun-17,19일-25일,청소년,개인,14
1005,Jun-17,19일-25일,청소년,단체,105
1006,Jun-17,19일-25일,대학생,개인,1
1007,Jun-17,19일-25일,성인,개인,18
1008,Jun-17,1일-4일,어린이,개인,6
1009,Jun-17,1일-4일,청소년,개인,1
1010,Jun-17,1일-4일,청소년,단체,129
1011,Jun-17,1일-4일,대학생,개인,4
1012,Jun-17,1일-4일,성인,개인,16
1013,Jun-17,26일-30일,어린이,단체,11
1014,Jun-17,26일-30일,대학생,개인,4
1015,Jun-17,26일-30일,대학생,단체,15
1016,Jun-17,26일-30일,성인,개인,8
1017,Jun-17,26일-30일,성인,단체,21
1018,Jun-17,5일-11일,어린이,개인,13
1019,Jun-17,5일-11일,청소년,개인,9
1020,Jun-17,5일-11일,청소년,단체,72
1021,Jun-17,5일-11일,성인,개인,46
1022,Jul-17,10일-16일,어린이,개인,10
1023,Jul-17,10일-16일,어린이,단체,31
1024,Jul-17,10일-16일,청소년,개인,23
1025,Jul-17,10일-16일,청소년,단체,214
1026,Jul-17,10일-16일,대학생,개인,2
1027,Jul-17,10일-16일,성인,개인,35
1028,Jul-17,17일-23일,어린이,개인,12
1029,Jul-17,17일-23일,어린이,단체,30
1030,Jul-17,17일-23일,청소년,개인,13
1031,Jul-17,17일-23일,청소년,단체,80
1032,Jul-17,17일-23일,대학생,개인,2
1033,Jul-17,17일-23일,대학생,단체,8
1034,Jul-17,17일-23일,성인,개인,32
1035,Jul-17,1일-2일,어린이,개인,2
1036,Jul-17,1일-2일,청소년,개인,2
1037,Jul-17,1일-2일,대학생,개인,1
1038,Jul-17,1일-2일,성인,개인,5
1039,Jul-17,24일-30일,어린이,개인,130
1040,Jul-17,24일-30일,청소년,개인,43
1041,Jul-17,24일-30일,청소년,단체,46
1042,Jul-17,24일-30일,대학생,개인,2
1043,Jul-17,24일-30일,성인,개인,103
1044,Jul-17,3일-9일,어린이,개인,8
1045,Jul-17,3일-9일,청소년,개인,1
1046,Jul-17,3일-9일,청소년,단체,39
1047,Jul-17,3일-9일,대학생,개인,9
1048,Jul-17,3일-9일,성인,개인,28
1049,Aug-17,14일-20일,어린이,개인,112
1050,Aug-17,14일-20일,청소년,개인,10
1051,Aug-17,14일-20일,청소년,단체,49
1052,Aug-17,14일-20일,대학생,개인,2
1053,Aug-17,14일-20일,성인,개인,93
1054,Aug-17,1일-6일,어린이,개인,79
1055,Aug-17,1일-6일,청소년,개인,24
1056,Aug-17,1일-6일,청소년,단체,43
1057,Aug-17,1일-6일,대학생,개인,8
1058,Aug-17,1일-6일,성인,개인,93
1059,Aug-17,1일-6일,성인,단체,30
1060,Aug-17,21일-27일,어린이,개인,40
1061,Aug-17,21일-27일,어린이,단체,54
1062,Aug-17,21일-27일,청소년,개인,9
1063,Aug-17,21일-27일,청소년,단체,87
1064,Aug-17,21일-27일,대학생,개인,4
1065,Aug-17,21일-27일,성인,개인,37
1066,Aug-17,28일-31일,어린이,개인,7
1067,Aug-17,28일-31일,청소년,개인,4
1068,Aug-17,28일-31일,청소년,단체,60
1069,Aug-17,28일-31일,대학생,단체,16
1070,Aug-17,28일-31일,성인,개인,23
1071,Aug-17,7일-13일,어린이,개인,49
1072,Aug-17,7일-13일,청소년,개인,35
1073,Aug-17,7일-13일,청소년,단체,118
1074,Aug-17,7일-13일,대학생,개인,1
1075,Aug-17,7일-13일,성인,개인,58
1076,Sep-17,11일-17일,어린이,개인,27
1077,Sep-17,11일-17일,어린이,단체,265
1078,Sep-17,11일-17일,청소년,개인,6
1079,Sep-17,11일-17일,청소년,단체,64
1080,Sep-17,11일-17일,대학생,개인,4
1081,Sep-17,11일-17일,대학생,단체,80
1082,Sep-17,11일-17일,성인,개인,21
1083,Sep-17,18일-24일,어린이,개인,6
1084,Sep-17,18일-24일,어린이,단체,34
1085,Sep-17,18일-24일,청소년,개인,1
1086,Sep-17,18일-24일,청소년,단체,121
1087,Sep-17,18일-24일,대학생,개인,8
1088,Sep-17,18일-24일,성인,개인,51
1089,Sep-17,1일-3일,어린이,개인,13
1090,Sep-17,1일-3일,청소년,개인,16
1091,Sep-17,1일-3일,대학생,개인,4
1092,Sep-17,1일-3일,성인,개인,5
1093,Sep-17,25일-30일,어린이,개인,4
1094,Sep-17,25일-30일,청소년,개인,7
1095,Sep-17,25일-30일,청소년,단체,279
1096,Sep-17,25일-30일,대학생,단체,30
1097,Sep-17,25일-30일,성인,개인,8
1098,Sep-17,4일-10일,어린이,개인,26
1099,Sep-17,4일-10일,어린이,단체,108
1100,Sep-17,4일-10일,청소년,개인,8
1101,Sep-17,4일-10일,청소년,단체,315
1102,Sep-17,4일-10일,대학생,개인,4
1103,Sep-17,4일-10일,성인,개인,36
1104,Oct-17,16일-22일,어린이,개인,5
1105,Oct-17,16일-22일,청소년,개인,13
1106,Oct-17,16일-22일,청소년,단체,236
1107,Oct-17,16일-22일,대학생,개인,4
1108,Oct-17,16일-22일,성인,개인,36
1109,Oct-17,23일-29일,어린이,개인,18
1110,Oct-17,23일-29일,어린이,단체,100
1111,Oct-17,23일-29일,청소년,개인,8
1112,Oct-17,23일-29일,청소년,단체,204
1113,Oct-17,23일-29일,대학생,개인,14
1114,Oct-17,23일-29일,성인,개인,33
1115,Oct-17,30일-31일,성인,개인,5
1116,Oct-17,9일-15일,어린이,개인,9
1117,Oct-17,9일-15일,어린이,단체,93
1118,Oct-17,9일-15일,청소년,개인,5
1119,Oct-17,9일-15일,청소년,단체,54
1120,Oct-17,9일-15일,대학생,개인,7
1121,Oct-17,9일-15일,성인,개인,26
1122,Nov-17,13일-19일,어린이,개인,32
1123,Nov-17,13일-19일,어린이,단체,146
1124,Nov-17,13일-19일,청소년,개인,64
1125,Nov-17,13일-19일,청소년,단체,106
1126,Nov-17,13일-19일,대학생,개인,56
1127,Nov-17,13일-19일,성인,개인,184
1128,Nov-17,1일-5일,어린이,개인,38
1129,Nov-17,1일-5일,청소년,개인,14
1130,Nov-17,1일-5일,청소년,단체,20
1131,Nov-17,1일-5일,대학생,개인,6
1132,Nov-17,1일-5일,대학생,단체,21
1133,Nov-17,1일-5일,성인,개인,124
1134,Nov-17,20일-26일,어린이,개인,21
1135,Nov-17,20일-26일,청소년,개인,70
1136,Nov-17,20일-26일,청소년,단체,48
1137,Nov-17,20일-26일,대학생,개인,70
1138,Nov-17,20일-26일,대학생,단체,43
1139,Nov-17,20일-26일,성인,개인,122
1140,Nov-17,27일-30일,청소년,개인,37
1141,Nov-17,27일-30일,청소년,단체,64
1142,Nov-17,27일-30일,대학생,개인,35
1143,Nov-17,27일-30일,대학생,단체,50
1144,Nov-17,27일-30일,성인,개인,36
1145,Nov-17,6일-12일,어린이,개인,11
1146,Nov-17,6일-12일,청소년,개인,49
1147,Nov-17,6일-12일,청소년,단체,92
1148,Nov-17,6일-12일,대학생,개인,69
1149,Nov-17,6일-12일,대학생,단체,44
1150,Nov-17,6일-12일,성인,개인,145
1151,Nov-17,6일-12일,성인,단체,30
1152,Dec-17,11일-17일,어린이,개인,4
1153,Dec-17,11일-17일,청소년,개인,58
1154,Dec-17,11일-17일,청소년,단체,595
1155,Dec-17,11일-17일,대학생,개인,5
1156,Dec-17,11일-17일,대학생,단체,20
1157,Dec-17,11일-17일,성인,개인,20
1158,Dec-17,18일-24일,어린이,개인,31
1159,Dec-17,18일-24일,청소년,개인,104
1160,Dec-17,18일-24일,청소년,단체,100
1161,Dec-17,18일-24일,대학생,단체,15
1162,Dec-17,18일-24일,성인,개인,22
1163,Dec-17,1일-3일,어린이,개인,15
1164,Dec-17,1일-3일,청소년,개인,29
1165,Dec-17,1일-3일,청소년,단체,110
1166,Dec-17,1일-3일,대학생,개인,8
1167,Dec-17,1일-3일,성인,개인,46
1168,Dec-17,25일-31일,어린이,개인,7
1169,Dec-17,25일-31일,청소년,개인,5
1170,Dec-17,25일-31일,대학생,개인,3
1171,Dec-17,25일-31일,성인,개인,25
1172,Dec-17,4일-10일,어린이,개인,5
1173,Dec-17,4일-10일,어린이,단체,80
1174,Dec-17,4일-10일,청소년,개인,2
1175,Dec-17,4일-10일,청소년,단체,241
1176,Dec-17,4일-10일,대학생,개인,7
1177,Dec-17,4일-10일,대학생,단체,15
1178,Dec-17,4일-10일,성인,개인,38
1179,Jan-18,15일-21일,어린이,개인,85
1180,Jan-18,15일-21일,청소년,개인,8
1181,Jan-18,15일-21일,청소년,단체,12
1182,Jan-18,15일-21일,대학생,개인,5
1183,Jan-18,15일-21일,성인,개인,50
1184,Jan-18,1일-7일,어린이,개인,81
1185,Jan-18,1일-7일,청소년,개인,6
1186,Jan-18,1일-7일,대학생,개인,1
1187,Jan-18,1일-7일,성인,개인,37
1188,Jan-18,22일-28일,어린이,개인,48
1189,Jan-18,22일-28일,어린이,단체,47
1190,Jan-18,22일-28일,청소년,개인,6
1191,Jan-18,22일-28일,대학생,개인,2
1192,Jan-18,22일-28일,성인,개인,50
1193,Jan-18,29일-31일,어린이,개인,8
1194,Jan-18,29일-31일,청소년,개인,4
1195,Jan-18,29일-31일,성인,개인,8
1196,Jan-18,8일-14일,어린이,개인,39
1197,Jan-18,8일-14일,청소년,개인,4
1198,Jan-18,8일-14일,대학생,개인,1
1199,Jan-18,8일-14일,성인,개인,23
1200,Feb-18,12일-18일,어린이,개인,3
1201,Feb-18,12일-18일,청소년,개인,5
1202,Feb-18,12일-18일,성인,개인,5
1203,Feb-18,19일-25일,어린이,개인,54
1204,Feb-18,19일-25일,어린이,단체,5
1205,Feb-18,19일-25일,청소년,개인,8
1206,Feb-18,19일-25일,청소년,단체,44
1207,Feb-18,19일-25일,대학생,개인,5
1208,Feb-18,19일-25일,성인,개인,28
1209,Feb-18,1일-4일,어린이,개인,1
1210,Feb-18,1일-4일,청소년,개인,2
1211,Feb-18,1일-4일,대학생,개인,3
1212,Feb-18,1일-4일,성인,개인,6
1213,Feb-18,26일-28일,어린이,개인,3
1214,Feb-18,26일-28일,청소년,개인,2
1215,Feb-18,26일-28일,성인,개인,9
1216,Feb-18,5일-11일,어린이,개인,8
1217,Feb-18,5일-11일,어린이,단체,16
1218,Feb-18,5일-11일,청소년,개인,1
1219,Feb-18,5일-11일,대학생,개인,3
1220,Feb-18,5일-11일,성인,개인,18
1221,Mar-18,12일-18일,어린이,개인,3
1222,Mar-18,12일-18일,청소년,개인,2
1223,Mar-18,12일-18일,대학생,개인,1
1224,Mar-18,12일-18일,성인,개인,24
1225,Mar-18,19일-25일,어린이,개인,6
1226,Mar-18,19일-25일,청소년,개인,8
1227,Mar-18,19일-25일,청소년,단체,10
1228,Mar-18,19일-25일,대학생,개인,6
1229,Mar-18,19일-25일,성인,개인,21
1230,Mar-18,1일-4일,어린이,개인,2
1231,Mar-18,1일-4일,청소년,개인,2
1232,Mar-18,1일-4일,대학생,개인,1
1233,Mar-18,1일-4일,성인,개인,5
1234,Mar-18,26일-31일,어린이,개인,2
1235,Mar-18,26일-31일,청소년,개인,5
1236,Mar-18,26일-31일,청소년,단체,22
1237,Mar-18,26일-31일,대학생,개인,15
1238,Mar-18,26일-31일,대학생,단체,61
1239,Mar-18,26일-31일,성인,개인,17
1240,Mar-18,5일-11일,어린이,개인,8
1241,Mar-18,5일-11일,어린이,단체,17
1242,Mar-18,5일-11일,청소년,개인,1
1243,Mar-18,5일-11일,성인,개인,26
1244,Mar-18,5일-11일,성인,단체,11
1245,Apr-18,16일-22일,어린이,개인,10
1246,Apr-18,16일-22일,성인,개인,35
1247,Apr-18,1일,어린이,개인,1
1248,Apr-18,1일,대학생,개인,2
1249,Apr-18,1일,성인,개인,1
1250,Apr-18,23일-29일,어린이,개인,5
1251,Apr-18,23일-29일,어린이,단체,47
1252,Apr-18,23일-29일,청소년,단체,114
1253,Apr-18,23일-29일,대학생,개인,3
1254,Apr-18,23일-29일,성인,개인,39
1255,Apr-18,2일-8일,어린이,개인,6
1256,Apr-18,2일-8일,청소년,개인,9
1257,Apr-18,2일-8일,청소년,단체,79
1258,Apr-18,2일-8일,대학생,개인,25
1259,Apr-18,2일-8일,대학생,단체,18
1260,Apr-18,2일-8일,성인,개인,37
1261,Apr-18,30일,청소년,단체,30
1262,Apr-18,9일-15일,어린이,개인,10
1263,Apr-18,9일-15일,어린이,단체,13
1264,Apr-18,9일-15일,청소년,단체,176
1265,Apr-18,9일-15일,대학생,개인,1
1266,Apr-18,9일-15일,성인,개인,26
1267,May-18,14일-20일,어린이,개인,5
1268,May-18,14일-20일,어린이,단체,12
1269,May-18,14일-20일,청소년,개인,23
1270,May-18,14일-20일,청소년,단체,265
1271,May-18,14일-20일,대학생,개인,7
1272,May-18,14일-20일,성인,개인,33
1273,May-18,1일-6일,청소년,개인,2
1274,May-18,1일-6일,청소년,단체,89
1275,May-18,1일-6일,대학생,개인,2
1276,May-18,1일-6일,성인,개인,13
1277,May-18,21일-27일,어린이,개인,10
1278,May-18,21일-27일,어린이,단체,62
1279,May-18,21일-27일,청소년,개인,19
1280,May-18,21일-27일,청소년,단체,71
1281,May-18,21일-27일,대학생,개인,5
1282,May-18,21일-27일,성인,개인,22
1283,May-18,28일-31일,어린이,개인,1
1284,May-18,28일-31일,청소년,개인,6
1285,May-18,28일-31일,청소년,단체,121
1286,May-18,28일-31일,대학생,개인,1
1287,May-18,28일-31일,대학생,단체,19
1288,May-18,28일-31일,성인,개인,8
1289,May-18,7일-13일,어린이,개인,8
1290,May-18,7일-13일,청소년,개인,8
1291,May-18,7일-13일,청소년,단체,114
1292,May-18,7일-13일,대학생,개인,5
1293,May-18,7일-13일,대학생,단체,106
1294,May-18,7일-13일,성인,개인,23
1295,Jun-18,11일-17일,어린이,개인,2
1296,Jun-18,11일-17일,청소년,단체,115
1297,Jun-18,11일-17일,대학생,개인,7
1298,Jun-18,11일-17일,성인,개인,22
1299,Jun-18,18일-24일,어린이,개인,3
1300,Jun-18,18일-24일,어린이,단체,80
1301,Jun-18,18일-24일,청소년,개인,7
1302,Jun-18,18일-24일,청소년,단체,78
1303,Jun-18,18일-24일,대학생,개인,18
1304,Jun-18,18일-24일,성인,개인,18
1305,Jun-18,18일-24일,성인,단체,10
1306,Jun-18,1일-3일,어린이,개인,2
1307,Jun-18,1일-3일,청소년,개인,4
1308,Jun-18,1일-3일,청소년,단체,43
1309,Jun-18,1일-3일,대학생,개인,7
1310,Jun-18,1일-3일,성인,개인,19
1311,Jun-18,25일-30일,어린이,개인,7
1312,Jun-18,25일-30일,대학생,개인,9
1313,Jun-18,25일-30일,성인,개인,19
1314,Jun-18,4일-10일,어린이,개인,4
1315,Jun-18,4일-10일,청소년,개인,2
1316,Jun-18,4일-10일,청소년,단체,38
1317,Jun-18,4일-10일,대학생,개인,10
1318,Jun-18,4일-10일,대학생,단체,32
1319,Jun-18,4일-10일,성인,개인,18
1320,Jul-18,16일-22일,어린이,개인,6
1321,Jul-18,16일-22일,어린이,단체,39
1322,Jul-18,16일-22일,청소년,개인,12
1323,Jul-18,16일-22일,청소년,단체,42
1324,Jul-18,16일-22일,대학생,개인,6
1325,Jul-18,16일-22일,성인,개인,31
1326,Jul-18,16일-22일,성인,단체,39
1327,Jul-18,1일,대학생,개인,2
1328,Jul-18,1일,성인,개인,6
1329,Jul-18,23일-29일,어린이,개인,95
1330,Jul-18,23일-29일,청소년,개인,43
1331,Jul-18,23일-29일,청소년,단체,34
1332,Jul-18,23일-29일,대학생,개인,3
1333,Jul-18,23일-29일,대학생,단체,26
1334,Jul-18,23일-29일,성인,개인,89
1335,Jul-18,2일-8일,어린이,개인,3
1336,Jul-18,2일-8일,어린이,단체,14
1337,Jul-18,2일-8일,청소년,개인,1
1338,Jul-18,2일-8일,청소년,단체,100
1339,Jul-18,2일-8일,대학생,개인,3
1340,Jul-18,2일-8일,성인,개인,32
1341,Jul-18,30일-31일,어린이,개인,7
1342,Jul-18,30일-31일,청소년,개인,8
1343,Jul-18,30일-31일,성인,개인,6
1344,Jul-18,9일-15일,어린이,개인,7
1345,Jul-18,9일-15일,청소년,개인,7
1346,Jul-18,9일-15일,청소년,단체,241
1347,Jul-18,9일-15일,대학생,개인,5
1348,Jul-18,9일-15일,성인,개인,28
1349,Jul-18,9일-15일,성인,단체,12
1350,Aug-18,13일-19일,어린이,개인,49
1351,Aug-18,13일-19일,청소년,개인,7
1352,Aug-18,13일-19일,청소년,단체,12
1353,Aug-18,13일-19일,대학생,개인,3
1354,Aug-18,13일-19일,성인,개인,63
1355,Aug-18,1일-5일,어린이,개인,53
1356,Aug-18,1일-5일,청소년,개인,28
1357,Aug-18,1일-5일,청소년,단체,40
1358,Aug-18,1일-5일,대학생,개인,4
1359,Aug-18,1일-5일,성인,개인,56
1360,Aug-18,20일-26일,어린이,개인,55
1361,Aug-18,20일-26일,어린이,단체,75
1362,Aug-18,20일-26일,청소년,개인,11
1363,Aug-18,20일-26일,청소년,단체,11
1364,Aug-18,20일-26일,대학생,개인,2
1365,Aug-18,20일-26일,성인,개인,53
1366,Aug-18,27일-31일,어린이,개인,5
1367,Aug-18,27일-31일,청소년,단체,31
1368,Aug-18,27일-31일,대학생,개인,6
1369,Aug-18,27일-31일,성인,개인,10
1370,Aug-18,6일-12일,어린이,개인,40
1371,Aug-18,6일-12일,어린이,단체,29
1372,Aug-18,6일-12일,청소년,개인,30
1373,Aug-18,6일-12일,청소년,단체,15
1374,Aug-18,6일-12일,대학생,개인,9
1375,Aug-18,6일-12일,성인,개인,63
1376,Sep-18,10일-16일,어린이,개인,12
1377,Sep-18,10일-16일,어린이,단체,19
1378,Sep-18,10일-16일,청소년,단체,93
1379,Sep-18,10일-16일,대학생,개인,1
1380,Sep-18,10일-16일,성인,개인,18
1381,Sep-18,10일-16일,성인,단체,30
1382,Sep-18,17일-23일,청소년,개인,2
1383,Sep-18,17일-23일,청소년,단체,518
1384,Sep-18,17일-23일,대학생,개인,1
1385,Sep-18,17일-23일,성인,개인,20
1386,Sep-18,1일-2일,어린이,개인,8
1387,Sep-18,1일-2일,청소년,개인,7
1388,Sep-18,1일-2일,성인,개인,5
1389,Sep-18,24일-30일,어린이,개인,6
1390,Sep-18,24일-30일,청소년,개인,3
1391,Sep-18,24일-30일,청소년,단체,83
1392,Sep-18,24일-30일,대학생,개인,5
1393,Sep-18,24일-30일,대학생,단체,15
1394,Sep-18,24일-30일,성인,개인,16
1395,Sep-18,3일-9일,어린이,개인,11
1396,Sep-18,3일-9일,어린이,단체,51
1397,Sep-18,3일-9일,청소년,개인,2
1398,Sep-18,3일-9일,청소년,단체,168
1399,Sep-18,3일-9일,성인,개인,20
1400,Oct-18,15일-21일,어린이,개인,3
1401,Oct-18,15일-21일,어린이,단체,14
1402,Oct-18,15일-21일,청소년,개인,4
1403,Oct-18,15일-21일,청소년,단체,98
1404,Oct-18,15일-21일,대학생,개인,16
1405,Oct-18,15일-21일,성인,개인,23
1406,Oct-18,1일-7일,어린이,개인,2
1407,Oct-18,1일-7일,청소년,개인,1
1408,Oct-18,1일-7일,청소년,단체,102
1409,Oct-18,1일-7일,대학생,개인,7
1410,Oct-18,1일-7일,성인,개인,9
1411,Oct-18,22일-28일,어린이,개인,5
1412,Oct-18,22일-28일,청소년,개인,24
1413,Oct-18,22일-28일,청소년,단체,226
1414,Oct-18,22일-28일,대학생,개인,1
1415,Oct-18,22일-28일,성인,개인,29
1416,Oct-18,29일-31일,어린이,개인,2
1417,Oct-18,29일-31일,청소년,단체,23
1418,Oct-18,29일-31일,대학생,개인,3
1419,Oct-18,29일-31일,성인,개인,15
1420,Oct-18,8일-14일,어린이,개인,8
1421,Oct-18,8일-14일,어린이,단체,14
1422,Oct-18,8일-14일,청소년,개인,4
1423,Oct-18,8일-14일,청소년,단체,257
1424,Oct-18,8일-14일,대학생,개인,13
1425,Oct-18,8일-14일,성인,개인,27
1426,Nov-18,12일-18일,어린이,개인,29
1427,Nov-18,12일-18일,어린이,단체,8
1428,Nov-18,12일-18일,청소년,개인,124
1429,Nov-18,12일-18일,청소년,단체,81
1430,Nov-18,12일-18일,대학생,개인,20
1431,Nov-18,12일-18일,성인,개인,134
1432,Nov-18,12일-18일,성인,단체,11
1433,Nov-18,19일-25일,어린이,개인,56
1434,Nov-18,19일-25일,청소년,개인,55
1435,Nov-18,19일-25일,청소년,단체,133
1436,Nov-18,19일-25일,대학생,개인,32
1437,Nov-18,19일-25일,대학생,단체,7
1438,Nov-18,19일-25일,성인,개인,210
1439,Nov-18,1일-4일,어린이,개인,3
1440,Nov-18,1일-4일,청소년,개인,18
1441,Nov-18,1일-4일,청소년,단체,99
1442,Nov-18,1일-4일,대학생,개인,17
1443,Nov-18,1일-4일,성인,개인,12
1444,Nov-18,26일-30일,어린이,개인,12
1445,Nov-18,26일-30일,어린이,단체,12
1446,Nov-18,26일-30일,청소년,개인,27
1447,Nov-18,26일-30일,청소년,단체,103
1448,Nov-18,26일-30일,대학생,개인,32
1449,Nov-18,26일-30일,성인,개인,148
1450,Nov-18,5일-11일,어린이,개인,16
1451,Nov-18,5일-11일,청소년,개인,15
1452,Nov-18,5일-11일,청소년,단체,141
1453,Nov-18,5일-11일,대학생,개인,23
1454,Nov-18,5일-11일,성인,개인,50
1455,Dec-18,10일-16일,어린이,개인,16
1456,Dec-18,10일-16일,청소년,개인,12
1457,Dec-18,10일-16일,청소년,단체,260
1458,Dec-18,10일-16일,대학생,개인,11
1459,Dec-18,10일-16일,성인,개인,36
1460,Dec-18,17일-23일,어린이,개인,14
1461,Dec-18,17일-23일,어린이,단체,45
1462,Dec-18,17일-23일,청소년,개인,17
1463,Dec-18,17일-23일,청소년,단체,92
1464,Dec-18,17일-23일,대학생,개인,6
1465,Dec-18,17일-23일,성인,개인,30
1466,Dec-18,1일-2일,어린이,개인,24
1467,Dec-18,1일-2일,청소년,개인,13
1468,Dec-18,1일-2일,대학생,개인,14
1469,Dec-18,1일-2일,성인,개인,48
1470,Dec-18,24일-30일,어린이,개인,10
1471,Dec-18,24일-30일,청소년,개인,6
1472,Dec-18,24일-30일,대학생,개인,2
1473,Dec-18,24일-30일,성인,개인,26
1474,Dec-18,3일-9일,어린이,개인,26
1475,Dec-18,3일-9일,청소년,개인,116
1476,Dec-18,3일-9일,청소년,단체,679
1477,Dec-18,3일-9일,대학생,개인,13
1478,Dec-18,3일-9일,성인,개인,131
1479,Jan-19,14일-20일,어린이,개인,30
1480,Jan-19,14일-20일,어린이,단체,14
1481,Jan-19,14일-20일,청소년,개인,4
1482,Jan-19,14일-20일,청소년,단체,6
1483,Jan-19,14일-20일,대학생,개인,1
1484,Jan-19,14일-20일,성인,개인,42
1485,Jan-19,1일-6일,어린이,개인,11
1486,Jan-19,1일-6일,청소년,개인,5
1487,Jan-19,1일-6일,성인,개인,23
1488,Jan-19,21일-27일,어린이,개인,47
1489,Jan-19,21일-27일,어린이,단체,38
1490,Jan-19,21일-27일,청소년,개인,6
1491,Jan-19,21일-27일,대학생,개인,1
1492,Jan-19,21일-27일,성인,개인,55
1493,Jan-19,21일-27일,성인,단체,14
1494,Jan-19,29일-31일,어린이,개인,14
1495,Jan-19,29일-31일,청소년,개인,2
1496,Jan-19,29일-31일,대학생,개인,1
1497,Jan-19,29일-31일,성인,개인,15
1498,Jan-19,7일-13일,어린이,개인,26
1499,Jan-19,7일-13일,어린이,단체,75
1500,Jan-19,7일-13일,청소년,개인,6
1501,Jan-19,7일-13일,대학생,개인,2
1502,Jan-19,7일-13일,대학생,단체,14
1503,Jan-19,7일-13일,성인,개인,44
1504,Feb-19,11일-17일,어린이,개인,11
1505,Feb-19,11일-17일,청소년,개인,3
1506,Feb-19,11일-17일,대학생,개인,4
1507,Feb-19,11일-17일,성인,개인,28
1508,Feb-19,18일-24일,어린이,개인,17
1509,Feb-19,18일-24일,어린이,단체,17
1510,Feb-19,18일-24일,청소년,개인,3
1511,Feb-19,18일-24일,대학생,개인,4
1512,Feb-19,18일-24일,성인,개인,36
1513,Feb-19,18일-24일,성인,단체,10
1514,Feb-19,1일-3일,어린이,개인,2
1515,Feb-19,1일-3일,성인,개인,9
1516,Feb-19,25일-28일,청소년,개인,5
1517,Feb-19,25일-28일,성인,개인,23
1518,Feb-19,4일-10일,어린이,개인,4
1519,Feb-19,4일-10일,청소년,개인,5
1520,Feb-19,4일-10일,성인,개인,16
1521,Mar-19,11일-17일,어린이,개인,4
1522,Mar-19,11일-17일,청소년,개인,3
1523,Mar-19,11일-17일,대학생,개인,3
1524,Mar-19,11일-17일,성인,개인,36
1525,Mar-19,18일-24일,어린이,개인,16
1526,Mar-19,18일-24일,청소년,단체,50
1527,Mar-19,18일-24일,대학생,개인,1
1528,Mar-19,18일-24일,성인,개인,41
1529,Mar-19,1일-3일,어린이,개인,4
1530,Mar-19,1일-3일,청소년,개인,1
1531,Mar-19,1일-3일,성인,개인,7
1532,Mar-19,25일-31일,어린이,개인,8
1533,Mar-19,25일-31일,청소년,단체,13
1534,Mar-19,25일-31일,대학생,개인,1
1535,Mar-19,25일-31일,성인,개인,29
1536,Mar-19,4일-10일,어린이,개인,2
1537,Mar-19,4일-10일,어린이,단체,15
1538,Mar-19,4일-10일,대학생,개인,1
1539,Mar-19,4일-10일,성인,개인,30
1540,Apr-19,15일-21일,어린이,개인,6
1541,Apr-19,15일-21일,청소년,개인,1
1542,Apr-19,15일-21일,청소년,단체,42
1543,Apr-19,15일-21일,성인,개인,32
1544,Apr-19,1일-7일,어린이,개인,4
1545,Apr-19,1일-7일,어린이,단체,46
1546,Apr-19,1일-7일,청소년,개인,6
1547,Apr-19,1일-7일,청소년,단체,94
1548,Apr-19,1일-7일,대학생,개인,18
1549,Apr-19,1일-7일,대학생,단체,31
1550,Apr-19,1일-7일,성인,개인,27
1551,Apr-19,22일-28일,어린이,개인,1
1552,Apr-19,22일-28일,청소년,개인,9
1553,Apr-19,22일-28일,청소년,단체,60
1554,Apr-19,22일-28일,대학생,개인,2
1555,Apr-19,22일-28일,성인,개인,43
1556,Apr-19,29일-30일,청소년,단체,140
1557,Apr-19,29일-30일,성인,개인,7
1558,Apr-19,8일-14일,어린이,개인,4
1559,Apr-19,8일-14일,청소년,개인,1
1560,Apr-19,8일-14일,청소년,단체,33
1561,Apr-19,8일-14일,대학생,개인,3
1562,Apr-19,8일-14일,대학생,단체,30
1563,Apr-19,8일-14일,성인,개인,29
1564,Apr-19,8일-14일,성인,단체,50
1565,May-19,13일-19일,어린이,개인,3
1566,May-19,13일-19일,청소년,단체,394
1567,May-19,13일-19일,대학생,단체,16
1568,May-19,13일-19일,성인,개인,43
1569,May-19,1일-5일,어린이,개인,2
1570,May-19,1일-5일,청소년,개인,6
1571,May-19,1일-5일,청소년,단체,138
1572,May-19,1일-5일,대학생,개인,4
1573,May-19,1일-5일,성인,개인,11
1574,May-19,20일-26일,어린이,개인,7
1575,May-19,20일-26일,어린이,단체,39
1576,May-19,20일-26일,청소년,개인,4
1577,May-19,20일-26일,청소년,단체,75
1578,May-19,20일-26일,대학생,개인,1
1579,May-19,20일-26일,대학생,단체,32
1580,May-19,20일-26일,성인,개인,22
1581,May-19,20일-26일,성인,단체,11
1582,May-19,27일-31일,어린이,개인,1
1583,May-19,27일-31일,청소년,단체,166
1584,May-19,27일-31일,대학생,개인,2
1585,May-19,27일-31일,성인,개인,11
1586,May-19,6일-12일,어린이,개인,1
1587,May-19,6일-12일,어린이,단체,19
1588,May-19,6일-12일,청소년,개인,5
1589,May-19,6일-12일,청소년,단체,211
1590,May-19,6일-12일,대학생,개인,2
1591,May-19,6일-12일,성인,개인,12
1592,Jun-19,10일-16일,어린이,개인,2
1593,Jun-19,10일-16일,어린이,단체,50
1594,Jun-19,10일-16일,청소년,개인,2
1595,Jun-19,10일-16일,청소년,단체,88
1596,Jun-19,10일-16일,대학생,개인,3
1597,Jun-19,10일-16일,성인,개인,27
1598,Jun-19,17일-23일,어린이,개인,7
1599,Jun-19,17일-23일,어린이,단체,82
1600,Jun-19,17일-23일,청소년,개인,1
1601,Jun-19,17일-23일,청소년,단체,124
1602,Jun-19,17일-23일,대학생,개인,2
1603,Jun-19,17일-23일,성인,개인,20
1604,Jun-19,1일-2일,어린이,개인,5
1605,Jun-19,1일-2일,성인,개인,10
1606,Jun-19,24일-30일,어린이,개인,4
1607,Jun-19,24일-30일,청소년,개인,2
1608,Jun-19,24일-30일,청소년,단체,24
1609,Jun-19,24일-30일,대학생,개인,2
1610,Jun-19,24일-30일,성인,개인,26
1611,Jun-19,3일-9일,어린이,개인,5
1612,Jun-19,3일-9일,어린이,단체,50
1613,Jun-19,3일-9일,청소년,개인,23
1614,Jun-19,3일-9일,청소년,단체,13
1615,Jun-19,3일-9일,대학생,개인,1
1616,Jun-19,3일-9일,성인,개인,28
1617,Jul-19,15일-21일,어린이,개인,13
1618,Jul-19,15일-21일,어린이,단체,45
1619,Jul-19,15일-21일,청소년,개인,8
1620,Jul-19,15일-21일,청소년,단체,145
1621,Jul-19,15일-21일,대학생,개인,4
1622,Jul-19,15일-21일,성인,개인,41
1623,Jul-19,1일-7일,어린이,개인,3
1624,Jul-19,1일-7일,청소년,단체,87
1625,Jul-19,1일-7일,대학생,개인,3
1626,Jul-19,1일-7일,성인,개인,35
1627,Jul-19,22일-28일,어린이,개인,94
1628,Jul-19,22일-28일,청소년,개인,7
1629,Jul-19,22일-28일,청소년,단체,47
1630,Jul-19,22일-28일,성인,개인,81
1631,Jul-19,8일-14일,어린이,개인,2
1632,Jul-19,8일-14일,청소년,개인,13
1633,Jul-19,8일-14일,청소년,단체,241
1634,Jul-19,8일-14일,대학생,개인,3
1635,Jul-19,8일-14일,성인,개인,25
1636,Jul-19,29일-31일,어린이,개인,16
1637,Jul-19,29일-31일,청소년,개인,18
1638,Jul-19,29일-31일,청소년,단체,10
1639,Jul-19,29일-31일,성인,개인,32
1640,Aug-19,1-4일,어린이,개인,21
1641,Aug-19,1-4일,청소년,개인,26
1642,Aug-19,1-4일,성인,개인,36
1643,Aug-19,5-11일,어린이,개인,54
1644,Aug-19,5-11일,청소년,개인,14
1645,Aug-19,5-11일,청소년,단체,35
1646,Aug-19,5-11일,대학생,개인,1
1647,Aug-19,5-11일,대학생,단체,7
1648,Aug-19,5-11일,성인,개인,64
1649,Aug-19,12-18일,어린이,개인,49
1650,Aug-19,12-18일,어린이,단체,9
1651,Aug-19,12-18일,청소년,개인,15
1652,Aug-19,12-18일,청소년,단체,37
1653,Aug-19,12-18일,성인,개인,52
1654,Aug-19,19-25일,어린이,개인,39
1655,Aug-19,19-25일,청소년,개인,9
1656,Aug-19,19-25일,청소년,단체,29
1657,Aug-19,19-25일,성인,개인,39
1658,Aug-19,26-31일,어린이,개인,9
1659,Aug-19,26-31일,어린이,단체,11
1660,Aug-19,26-31일,청소년,개인,5
1661,Aug-19,26-31일,청소년,단체,77
1662,Aug-19,26-31일,대학생,개인,3
1663,Aug-19,26-31일,성인,개인,18
1664,Sep-19,1일,어린이,개인,7
1665,Sep-19,1일,성인,개인,7
1666,Sep-19,2-8일,어린이,개인,1
1667,Sep-19,2-8일,어린이,단체,26
1668,Sep-19,2-8일,청소년,개인,1
1669,Sep-19,2-8일,청소년,단체,156
1670,Sep-19,2-8일,대학생,개인,4
1671,Sep-19,2-8일,성인,개인,16
1672,Sep-19,2-8일,성인,단체,9
1673,Sep-19,9-15일,청소년,단체,20
1674,Sep-19,9-15일,성인,개인,8
1675,Sep-19,16-22일,어린이,개인,29
1676,Sep-19,16-22일,어린이,단체,18
1677,Sep-19,16-22일,청소년,개인,3
1678,Sep-19,16-22일,청소년,단체,34
1679,Sep-19,16-22일,대학생,개인,10
1680,Sep-19,16-22일,성인,개인,27
1681,Sep-19,23-29일,어린이,개인,2
1682,Sep-19,23-29일,청소년,개인,6
1683,Sep-19,23-29일,청소년,단체,80
1684,Sep-19,23-29일,대학생,개인,2
1685,Sep-19,23-29일,성인,개인,32
1686,Oct-19,1-6일,어린이,개인,11
1687,Oct-19,1-6일,청소년,개인,25
1688,Oct-19,1-6일,청소년,단체,126
1689,Oct-19,1-6일,대학생,개인,1
1690,Oct-19,1-6일,대학생,단체,14
1691,Oct-19,1-6일,성인,개인,42
1692,Oct-19,7-13일,어린이,개인,5
1693,Oct-19,7-13일,어린이,단체,20
1694,Oct-19,7-13일,청소년,개인,1
1695,Oct-19,7-13일,청소년,단체,174
1696,Oct-19,7-13일,대학생,개인,2
1697,Oct-19,7-13일,성인,개인,30
1698,Oct-19,14-20일,어린이,개인,7
1699,Oct-19,14-20일,어린이,단체,19
1700,Oct-19,14-20일,청소년,개인,24
1701,Oct-19,14-20일,청소년,단체,331
1702,Oct-19,14-20일,대학생,개인,3
1703,Oct-19,14-20일,성인,개인,24
1704,Oct-19,21-27일,어린이,개인,5
1705,Oct-19,21-27일,어린이,단체,9
1706,Oct-19,21-27일,청소년,개인,16
1707,Oct-19,21-27일,청소년,단체,91
1708,Oct-19,21-27일,대학생,개인,17
1709,Oct-19,21-27일,대학생,단체,36
1710,Oct-19,21-27일,성인,개인,28
1711,Oct-19,28-31일,청소년,개인,10
1712,Oct-19,28-31일,청소년,단체,96
1713,Oct-19,28-31일,대학생,개인,1
1714,Oct-19,28-31일,성인,개인,13
1715,Nov-19,1-3일,어린이,개인,4
1716,Nov-19,1-3일,청소년,개인,15
1717,Nov-19,1-3일,청소년,단체,104
1718,Nov-19,1-3일,대학생,개인,11
1719,Nov-19,1-3일,성인,개인,17
1720,Nov-19,4-10일,어린이,개인,4
1721,Nov-19,4-10일,청소년,개인,1
1722,Nov-19,4-10일,청소년,단체,166
1723,Nov-19,4-10일,대학생,개인,1
1724,Nov-19,4-10일,대학생,단체,32
1725,Nov-19,4-10일,성인,개인,18
1726,Nov-19,11-17일,청소년,개인,8
1727,Nov-19,11-17일,청소년,단체,58
1728,Nov-19,11-17일,대학생,개인,12
1729,Nov-19,11-17일,성인,개인,12
1730,Nov-19,18-24일,어린이,개인,2
1731,Nov-19,18-24일,어린이,단체,24
1732,Nov-19,18-24일,청소년,개인,5
1733,Nov-19,18-24일,청소년,단체,16
1734,Nov-19,18-24일,대학생,개인,13
1735,Nov-19,18-24일,성인,개인,40
1736,Nov-19,18-24일,성인,단체,9
1737,Nov-19,25-30일,청소년,단체,149
1738,Nov-19,25-30일,대학생,개인,17
1739,Nov-19,25-30일,성인,개인,11
1740,Dec-19,1일,어린이,개인,2
1741,Dec-19,1일,성인,개인,5
1742,Dec-19,2-8일,어린이,개인,2
1743,Dec-19,2-8일,어린이,단체,78
1744,Dec-19,2-8일,청소년,개인,9
1745,Dec-19,2-8일,청소년,단체,256
1746,Dec-19,2-8일,대학생,개인,13
1747,Dec-19,2-8일,성인,개인,22
1748,Dec-19,9-15일,어린이,개인,1
1749,Dec-19,9-15일,청소년,개인,8
1750,Dec-19,9-15일,청소년,단체,126
1751,Dec-19,9-15일,대학생,개인,23
1752,Dec-19,9-15일,성인,개인,29
1753,Dec-19,16-22일,어린이,개인,2
1754,Dec-19,16-22일,청소년,개인,33
1755,Dec-19,16-22일,청소년,단체,254
1756,Dec-19,16-22일,대학생,개인,8
1757,Dec-19,16-22일,성인,개인,28
1758,Dec-19,23-29일,어린이,개인,16
1759,Dec-19,23-29일,어린이,단체,11
1760,Dec-19,23-29일,청소년,개인,15
1761,Dec-19,23-29일,청소년,단체,140
1762,Dec-19,23-29일,대학생,개인,2
1763,Dec-19,23-29일,성인,개인,37
1764,Dec-19,30-31일,어린이,개인,4
1765,Dec-19,30-31일,대학생,개인,2
1766,Dec-19,30-31일,성인,개인,6
1767,Jan-20,1-5일,어린이,개인,23
1768,Jan-20,1-5일,청소년,개인,6
1769,Jan-20,1-5일,성인,개인,39
1770,Jan-20,6-12일,어린이,개인,19
1771,Jan-20,6-12일,청소년,개인,4
1772,Jan-20,6-12일,대학생,개인,1
1773,Jan-20,6-12일,성인,개인,46
1774,Jan-20,13-19일,어린이,개인,35
1775,Jan-20,13-19일,어린이,단체,29
1776,Jan-20,13-19일,청소년,개인,7
1777,Jan-20,13-19일,청소년,단체,12
1778,Jan-20,13-19일,성인,개인,56
1779,Jan-20,20-26일,어린이,개인,19
1780,Jan-20,20-26일,어린이,단체,20
1781,Jan-20,20-26일,청소년,개인,4
1782,Jan-20,20-26일,성인,개인,19
1783,Jan-20,27-31일,어린이,개인,9
1784,Jan-20,27-31일,청소년,개인,5
1785,Jan-20,27-31일,성인,개인,12
1786,Feb-20,1-2일,어린이,개인,5
1787,Feb-20,1-2일,성인,개인,11
1788,Feb-20,3-9일,어린이,개인,5
1789,Feb-20,3-9일,대학생,개인,3
1790,Feb-20,3-9일,성인,개인,17
1791,Feb-20,10-16일,어린이,개인,5
1792,Feb-20,10-16일,성인,개인,28
1793,Feb-20,17-23일,어린이,개인,5
1794,Feb-20,17-23일,청소년,개인,3
1795,Feb-20,17-23일,성인,개인,24
1796,Oct-20,19-25일,대학생,개인,2
1797,Oct-20,19-25일,성인,개인,7
1798,Nov-20,9-15일,어린이,개인,1
1799,Nov-20,9-15일,어린이,단체,14
1800,Nov-20,9-15일,청소년,개인,2
1801,Nov-20,9-15일,대학생,개인,2
1802,Nov-20,9-15일,성인,개인,7
1803,Nov-20,16-22일,청소년,개인,3
1804,Nov-20,16-22일,대학생,개인,2
1805,Nov-20,16-22일,성인,개인,5
1806,Nov-20,23-29일,어린이,개인,2
1807,Nov-20,23-29일,성인,개인,1
1808,Mar-21,29-31일,청소년,단체,9
1809,Apr-21,5-11일,어린이,개인,2
1810,Apr-21,5-11일,청소년,단체,4
1811,Apr-21,5-11일,성인,개인,8
1812,Apr-21,12-18일,청소년,개인,1
1813,Apr-21,12-18일,청소년,단체,16
1814,Apr-21,12-18일,대학생,개인,1
1815,Apr-21,12-18일,성인,개인,2
1816,Apr-21,19-25일,대학생,개인,1
1817,Apr-21,19-25일,성인,개인,2
1818,Apr-21,26-30일,성인,단체,7
1819,May-21,1-2일,청소년,개인,3
1820,May-21,3-9일,어린이,개인,1
1821,May-21,3-9일,청소년,개인,2
1822,May-21,3-9일,대학생,개인,2
1823,May-21,3-9일,성인,개인,9
1824,May-21,10-16일,어린이,개인,3
1825,May-21,10-16일,청소년,개인,4
1826,May-21,10-16일,대학생,개인,3
1827,May-21,10-16일,성인,개인,10
1828,May-21,17-23일,어린이,개인,4
1829,May-21,17-23일,청소년,개인,4
1830,May-21,17-23일,청소년,단체,65
1831,May-21,17-23일,성인,개인,9
1832,May-21,24-30일,어린이,개인,2
1833,May-21,24-30일,청소년,개인,1
1834,May-21,24-30일,대학생,개인,1
1835,May-21,24-30일,성인,개인,15
1836,Jun-21,1-6일,어린이,개인,1
1837,Jun-21,1-6일,성인,개인,9
1838,Jun-21,7-13일,어린이,개인,2
1839,Jun-21,7-13일,성인,개인,5
1840,Jun-21,14-20일,청소년,개인,3
1841,Jun-21,14-20일,대학생,개인,37
1842,Jun-21,14-20일,성인,개인,7
1843,Jun-21,21-27일,성인,개인,3
1844,Jun-21,28-30일,대학생,개인,2
1845,Jun-21,28-30일,성인,개인,1
1846,Jul-21,1-4일,대학생,개인,1
1847,Jul-21,5-11일,청소년,개인,1
1848,Jul-21,5-11일,성인,개인,3
1849,Jul-21,26-31일,성인,단체,6
1850,Aug-21,2-8일,성인,개인,3
1851,Sep-21,1-5일,성인,개인,2
1852,Sep-21,13-19일,성인,개인,2
1853,Oct-21,25-31일,성인,개인,1
1854,Nov-21,1-7일,성인,개인,6
1855,Nov-21,8-14일,어린이,개인,4
1856,Nov-21,8-14일,청소년,개인,3
1857,Nov-21,8-14일,대학생,개인,2
1858,Nov-21,8-14일,성인,개인,8
1859,Nov-21,15-21일,어린이,개인,1
1860,Nov-21,15-21일,성인,개인,6
1861,Nov-21,15-21일,성인,단체,7
1862,Nov-21,22-28일,어린이,개인,1
1863,Nov-21,22-28일,청소년,개인,1
1864,Nov-21,22-28일,대학생,개인,8
1865,Nov-21,22-28일,성인,개인,10
1866,Nov-21,29-30일,성인,개인,2
1867,Dec-21,1-5일,어린이,개인,6
1868,Dec-21,1-5일,청소년,개인,5
1869,Dec-21,1-5일,대학생,개인,2
1870,Dec-21,1-5일,성인,개인,14
1871,Dec-21,6-12일,어린이,개인,3
1872,Dec-21,6-12일,청소년,개인,1
1873,Dec-21,6-12일,성인,개인,10
1874,Dec-21,13-19일,청소년,개인,1
1875,Dec-21,13-19일,청소년,단체,44
1876,Dec-21,13-19일,성인,개인,9
1877,Dec-21,13-19일,성인,단체,10
1878,Dec-21,20-26일,어린이,개인,1
1879,Dec-21,20-26일,성인,개인,2
1880,Dec-21,27-31일,어린이,개인,2
1881,Dec-21,27-31일,대학생,개인,1
1882,Dec-21,27-31일,성인,개인,8
1883,Jan-22,3-9일,어린이,개인,7
1884,Jan-22,3-9일,청소년,개인,4
1885,Jan-22,3-9일,성인,개인,15
1886,Jan-22,10-16일,어린이,개인,14
1887,Jan-22,10-16일,청소년,개인,2
1888,Jan-22,10-16일,대학생,개인,3
1889,Jan-22,10-16일,성인,개인,15
1890,Jan-22,17-23일,어린이,개인,6
1891,Jan-22,17-23일,대학생,개인,2
1892,Jan-22,17-23일,성인,개인,10
1893,Jan-22,24-30일,어린이,개인,3
1894,Jan-22,24-30일,대학생,개인,1
1895,Jan-22,24-30일,성인,개인,10
1896,Feb-22,1-6일,어린이,개인,5
1897,Feb-22,1-6일,대학생,개인,1
1898,Feb-22,1-6일,성인,개인,6
1899,Feb-22,7-13일,어린이,개인,2
1900,Feb-22,7-13일,대학생,개인,4
1901,Feb-22,7-13일,성인,개인,3
1902,Feb-22,14-20일,어린이,개인,11
1903,Feb-22,14-20일,청소년,개인,1
1904,Feb-22,14-20일,성인,개인,13
1905,Feb-22,14-20일,성인,단체,1
1906,Feb-22,21-27일,어린이,개인,3
1907,Feb-22,21-27일,청소년,개인,1
1908,Feb-22,21-27일,성인,개인,6
1909,Mar-22,1-6일,어린이,개인,6
1910,Mar-22,1-6일,청소년,개인,1
1911,Mar-22,1-6일,성인,개인,9
1912,Mar-22,7-13일,어린이,단체,10
1913,Mar-22,14-20일,어린이,개인,5
1914,Mar-22,14-20일,청소년,개인,1
1915,Mar-22,14-20일,대학생,개인,2
1916,Mar-22,14-20일,성인,개인,10
1917,Mar-22,21-27일,대학생,개인,3
1918,Mar-22,21-27일,성인,개인,8
1919,Mar-22,28-31일,청소년,개인,1
1920,Mar-22,28-31일,성인,개인,4
1921,Apr-22,1-3일,어린이,개인,3
1922,Apr-22,1-3일,청소년,개인,1
1923,Apr-22,1-3일,대학생,단체,6
1924,Apr-22,1-3일,성인,개인,11
1925,Apr-22,4-10일,어린이,개인,3
1926,Apr-22,4-10일,청소년,단체,23
1927,Apr-22,4-10일,성인,개인,16
1928,Apr-22,11-17일,청소년,단체,22
1929,Apr-22,11-17일,대학생,개인,3
1930,Apr-22,11-17일,성인,개인,5
1931,Apr-22,18-24일,어린이,개인,1
1932,Apr-22,18-24일,청소년,개인,1
1933,Apr-22,18-24일,청소년,단체,11
1934,Apr-22,18-24일,대학생,개인,2
1935,Apr-22,18-24일,성인,개인,7
1936,Apr-22,25-30일,어린이,개인,2
1937,Apr-22,25-30일,청소년,단체,43
1938,Apr-22,25-30일,성인,개인,1
1939,Apr-22,25-30일,성인,단체,10
1940,May-22,2-8일,어린이,개인,2
1941,May-22,2-8일,청소년,개인,3
1942,May-22,2-8일,청소년,단체,205
1943,May-22,2-8일,대학생,개인,1
1944,May-22,2-8일,성인,개인,5
1945,May-22,9-15일,어린이,개인,1
1946,May-22,9-15일,청소년,개인,2
1947,May-22,9-15일,청소년,단체,38
1948,May-22,9-15일,대학생,개인,7
1949,May-22,9-15일,성인,개인,22
1950,May-22,16-22일,어린이,개인,2
1951,May-22,16-22일,청소년,개인,2
1952,May-22,16-22일,청소년,단체,137
1953,May-22,16-22일,대학생,개인,7
1954,May-22,16-22일,성인,개인,20
1955,May-22,23-29일,어린이,개인,4
1956,May-22,23-29일,청소년,개인,4
1957,May-22,23-29일,청소년,단체,173
1958,May-22,23-29일,대학생,개인,1
1959,May-22,23-29일,성인,개인,29
1960,May-22,30-31일,청소년,개인,6
1961,May-22,30-31일,청소년,단체,39
1962,May-22,30-31일,성인,개인,1
1963,Jun-22,1-5일,어린이,개인,2
1964,Jun-22,1-5일,어린이,단체,25
1965,Jun-22,1-5일,청소년,개인,4
1966,Jun-22,1-5일,청소년,단체,36
1967,Jun-22,1-5일,대학생,개인,2
1968,Jun-22,1-5일,성인,개인,1
1969,Jun-22,6-12일,어린이,개인,2
1970,Jun-22,6-12일,청소년,단체,118
1971,Jun-22,6-12일,성인,개인,11
1972,Jun-22,13-19일,어린이,개인,5
1973,Jun-22,13-19일,청소년,개인,1
1974,Jun-22,13-19일,청소년,단체,30
1975,Jun-22,13-19일,성인,개인,21
1976,Jun-22,20-26일,어린이,개인,1
1977,Jun-22,20-26일,청소년,단체,247
1978,Jun-22,20-26일,대학생,개인,18
1979,Jun-22,20-26일,성인,개인,15
1980,Jun-22,27-30일,어린이,단체,18
1981,Jun-22,27-30일,청소년,단체,45
1982,Jun-22,27-30일,성인,개인,2
1983,Jul-22,1-3일,어린이,개인,4
1984,Jul-22,1-3일,청소년,단체,13
1985,Jul-22,1-3일,성인,개인,15
1986,Jul-22,4-10일,어린이,개인,3
1987,Jul-22,4-10일,어린이,단체,46
1988,Jul-22,4-10일,청소년,개인,11
1989,Jul-22,4-10일,청소년,단체,236
1990,Jul-22,4-10일,대학생,개인,4
1991,Jul-22,4-10일,성인,개인,16
1992,Jul-22,11-17일,어린이,개인,1
1993,Jul-22,11-17일,청소년,개인,11
1994,Jul-22,11-17일,청소년,단체,89
1995,Jul-22,11-17일,성인,개인,10
1996,Jul-22,18-24일,어린이,개인,3
1997,Jul-22,18-24일,청소년,단체,34
1998,Jul-22,18-24일,성인,개인,15
1999,Jul-22,25-31일,어린이,개인,76
2000,Jul-22,25-31일,청소년,개인,4
2001,Jul-22,25-31일,청소년,단체,29
2002,Jul-22,25-31일,대학생,개인,2
2003,Jul-22,25-31일,성인,개인,73
